assay,method,pct@50,top1@50,top0.1@50,auc@50,pct@100,top1@100,top0.1@100,auc@100,pct@200,top1@200,top0.1@200,auc@200,pct@500,top1@500,top0.1@500,auc@500
BLAT_ECOLX_Firnberg_2014,adalead_graph,98.69119799289149,50.0,0.0,93.87386577461844,99.31423792598787,65.0,25.0,96.48013798871001,99.78465398285594,100.0,60.0,98.05037110600041,99.9613213464353,100.0,95.0,99.16604223290821
BLAT_ECOLX_Firnberg_2014,fly,95.6449926824169,40.0,35.0,87.43886681998745,99.1020280158896,65.0,50.0,92.78475851975746,99.65920970102447,85.0,65.0,96.09568785281203,99.97909261969475,100.0,100.0,98.38289358143423
BLAT_ECOLX_Firnberg_2014,fly_best_tested,96.26594187748275,45.0,15.0,89.99420865565546,99.36859711478152,75.0,60.0,94.47547564290194,99.83274095755802,100.0,75.0,97.09900167259042,99.97909261969475,100.0,100.0,98.80673844867236
BLAT_ECOLX_Firnberg_2014,fly_memory,95.2613422538156,55.0,50.0,89.54206564917416,99.3079657118963,75.0,55.0,93.87968848003344,99.84005854066486,95.0,85.0,96.74238971356888,99.97909261969475,100.0,100.0,98.67972820405602
BLAT_ECOLX_Firnberg_2014,gpbo_ei,98.60965920970102,70.0,20.0,93.77466025507005,99.50031361070458,85.0,60.0,96.48799916370479,99.97909261969475,100.0,100.0,98.1942191093456,99.97909261969475,100.0,100.0,99.26514321555507
BLAT_ECOLX_Firnberg_2014,greedy_local,99.17624921597323,65.0,30.0,90.60604223290822,99.57662554881873,85.0,40.0,94.98621158268868,99.81706042232909,95.0,65.0,97.35577043696424,99.94250470416057,100.0,90.0,98.87824168931633
BLAT_ECOLX_Firnberg_2014,random_search,97.39389504495087,30.0,10.0,92.62410620949194,98.54902780681581,35.0,15.0,95.41053731967385,99.16579552582061,65.0,20.0,97.21925569726113,99.76165586452018,100.0,45.0,98.6040957558018
BLAT_ECOLX_Firnberg_2014,random_walk,96.32970938741376,50.0,25.0,91.00932469161614,99.62575789253607,95.0,65.0,94.88424628893999,99.90591678862639,100.0,90.0,97.30612063558434,99.97909261969475,100.0,100.0,98.89840476688269
BLAT_ECOLX_Firnberg_2014,regevo,98.59502404348736,40.0,20.0,93.90940832113736,99.50031361070458,85.0,30.0,96.56324482542337,99.7135688898181,90.0,55.0,98.08427242316537,99.98013798871003,100.0,100.0,99.1793497804725
BLAT_ECOLX_Firnberg_2014,zs_mm_150M,99.62366715450554,100.0,0.0,99.11770855111854,99.62366715450554,100.0,0.0,99.37068785281197,99.62366715450554,100.0,0.0,99.49717750365875,99.97909261969475,100.0,100.0,99.685343926406
BLAT_ECOLX_Firnberg_2014,zs_mm_8M,97.86744720886473,0.0,0.0,97.03240643947316,98.6410202801589,0.0,0.0,97.62011289985362,99.31005644992682,100.0,0.0,98.36263851139452,99.97909261969475,100.0,100.0,99.16926615095129
BLAT_ECOLX_Firnberg_2014,zs_wt_150M,99.62366715450554,100.0,0.0,99.12774409366506,99.62366715450554,100.0,0.0,99.37570562408524,99.62366715450554,100.0,0.0,99.49968638929539,100.0,100.0,100.0,99.72055195484005
BLAT_ECOLX_Firnberg_2014,zs_wt_650M,99.62366715450554,100.0,0.0,98.96006690361699,99.62366715450554,100.0,0.0,99.29186702906121,99.97909261969475,100.0,100.0,99.4897553836504,99.97909261969475,100.0,100.0,99.783357725277
BLAT_ECOLX_Firnberg_2014,zs_wt_8M,97.86744720886473,0.0,0.0,96.97052059376962,97.86744720886473,0.0,0.0,97.41898390131713,98.78737194229564,0.0,0.0,98.00606314028853,99.31005644992682,100.0,0.0,98.78114154296466
DYR_ECOLI_Nguyen_2023,adalead_graph,98.99691358024691,70.0,20.0,93.96841563786009,99.59019204389575,85.0,45.0,96.72050754458162,99.92283950617283,100.0,75.0,98.24411008230453,99.99142661179698,100.0,95.0,99.27803497942388
DYR_ECOLI_Nguyen_2023,fly,97.50342935528121,30.0,5.0,90.39465020576132,99.09807956104252,60.0,10.0,94.31320301783265,99.5679012345679,90.0,20.0,96.82680041152264,99.86625514403292,100.0,55.0,98.60807956104252
DYR_ECOLI_Nguyen_2023,fly_best_tested,96.22256515775034,30.0,5.0,88.23449931412895,98.86488340192044,55.0,10.0,93.07901234567902,99.7119341563786,95.0,35.0,96.26227709190672,99.91255144032922,100.0,60.0,98.40265775034294
DYR_ECOLI_Nguyen_2023,fly_memory,97.89437585733882,30.0,5.0,90.85500685871057,98.7019890260631,55.0,5.0,94.52596021947873,99.54218106995884,85.0,25.0,96.8982853223594,99.93141289437585,100.0,75.0,98.64438614540467
DYR_ECOLI_Nguyen_2023,gpbo_ei,97.7417695473251,40.0,0.0,92.0732853223594,99.04835390946502,60.0,5.0,95.29696502057612,99.6604938271605,95.0,20.0,97.39531035665296,99.9554183813443,100.0,75.0,98.8824279835391
DYR_ECOLI_Nguyen_2023,greedy_local,98.9454732510288,60.0,5.0,90.45466392318244,99.55932784636488,90.0,10.0,94.93398491083676,99.74622770919066,95.0,25.0,97.30149176954733,99.93655692729767,100.0,65.0,98.8405109739369
DYR_ECOLI_Nguyen_2023,random_search,98.53052126200274,35.0,5.0,94.43796296296297,99.34156378600824,75.0,10.0,96.6729766803841,99.68278463648834,95.0,25.0,98.11956447187929,99.86968449931413,100.0,50.0,99.14544238683129
DYR_ECOLI_Nguyen_2023,random_walk,96.41460905349794,10.0,0.0,88.25305212620029,98.49279835390948,55.0,5.0,93.0835390946502,99.5627572016461,95.0,10.0,96.1789609053498,99.87997256515776,100.0,60.0,98.29370713305899
DYR_ECOLI_Nguyen_2023,regevo,99.02263374485597,70.0,5.0,93.73717421124829,99.57647462277092,85.0,10.0,96.5159979423868,99.80624142661179,100.0,25.0,98.09209533607682,99.93141289437585,100.0,55.0,99.15514060356652
DYR_ECOLI_Nguyen_2023,zs_mm_150M,99.38271604938272,100.0,0.0,95.60013717421127,99.38271604938272,100.0,0.0,97.49142661179695,99.89711934156378,100.0,0.0,98.61968449931412,99.89711934156378,100.0,0.0,99.38614540466389
DYR_ECOLI_Nguyen_2023,zs_mm_8M,99.82853223593965,100.0,0.0,96.47873799725652,99.82853223593965,100.0,0.0,98.15363511659805,99.82853223593965,100.0,0.0,98.99108367626886,99.86282578875172,100.0,0.0,99.49362139917697
DYR_ECOLI_Nguyen_2023,zs_wt_150M,99.38271604938272,100.0,0.0,94.48971193415639,99.89711934156378,100.0,0.0,97.05452674897118,99.89711934156378,100.0,0.0,98.47582304526748,99.96570644718793,100.0,100.0,99.3579561042524
DYR_ECOLI_Nguyen_2023,zs_wt_650M,99.89711934156378,100.0,0.0,98.7002743484225,99.89711934156378,100.0,0.0,99.29869684499313,99.89711934156378,100.0,0.0,99.59790809327846,99.89711934156378,100.0,0.0,99.77743484224965
DYR_ECOLI_Nguyen_2023,zs_wt_8M,99.82853223593965,100.0,0.0,96.4499314128944,99.82853223593965,100.0,0.0,98.139231824417,99.82853223593965,100.0,0.0,98.98388203017835,99.82853223593965,100.0,0.0,99.49067215363516
KKA2_KLEPN_Melnikov_2014,adalead_graph,99.26915322580645,75.0,10.0,94.82340725806452,99.5,85.0,15.0,97.10275201612902,99.65120967741936,95.0,15.0,98.35475806451613,99.90120967741936,100.0,40.0,99.22937096774194
KKA2_KLEPN_Melnikov_2014,fly,97.89415322580645,35.0,0.0,90.89572580645162,99.14012096774194,70.0,10.0,94.68165322580646,99.6179435483871,95.0,25.0,97.0814314516129,99.85584677419355,100.0,55.0,98.68451814516129
KKA2_KLEPN_Melnikov_2014,fly_best_tested,98.56854838709678,55.0,5.0,93.43610887096773,99.35181451612904,85.0,10.0,96.19031249999999,99.54637096774194,95.0,20.0,97.81290322580645,99.86995967741936,100.0,50.0,98.98935483870967
KKA2_KLEPN_Melnikov_2014,fly_memory,97.95766129032259,50.0,5.0,92.88151209677419,99.04637096774194,65.0,10.0,95.8168245967742,99.58568548387096,95.0,15.0,97.56034778225805,99.81048387096774,100.0,40.0,98.84940322580644
KKA2_KLEPN_Melnikov_2014,gpbo_ei,98.92641129032259,45.0,0.0,93.7665120967742,99.55342741935485,75.0,10.0,96.55707661290322,99.76310483870968,100.0,15.0,98.13589717741935,99.98689516129032,100.0,100.0,99.17656653225806
KKA2_KLEPN_Melnikov_2014,greedy_local,98.47983870967741,50.0,10.0,90.15637096774194,99.33467741935485,80.0,15.0,94.59510080645161,99.49596774193549,85.0,30.0,97.00965221774193,99.85987903225806,100.0,50.0,98.65498387096774
KKA2_KLEPN_Melnikov_2014,random_search,98.19959677419355,40.0,10.0,94.16300403225806,99.19254032258064,70.0,15.0,96.43600806451613,99.67237903225806,95.0,20.0,97.96124495967743,99.82762096774194,100.0,30.0,99.03671572580645
KKA2_KLEPN_Melnikov_2014,random_walk,97.87600806451613,40.0,0.0,92.0316935483871,98.85483870967741,65.0,5.0,95.17023185483872,99.54838709677419,90.0,15.0,97.29531754032257,99.81552419354838,100.0,40.0,98.76614314516128
KKA2_KLEPN_Melnikov_2014,regevo,98.5554435483871,50.0,0.0,93.17157258064516,99.45161290322581,85.0,0.0,96.18502016129032,99.74193548387096,100.0,5.0,97.91538810483871,99.91431451612902,100.0,40.0,99.07327217741934
KKA2_KLEPN_Melnikov_2014,zs_mm_150M,99.75806451612904,100.0,0.0,95.41290322580645,99.75806451612904,100.0,0.0,97.58548387096775,99.75806451612904,100.0,0.0,98.6717741935484,99.77822580645162,100.0,0.0,99.33298387096774
KKA2_KLEPN_Melnikov_2014,zs_mm_8M,98.68951612903226,0.0,0.0,86.4165322580645,98.68951612903226,0.0,0.0,92.55302419354837,98.68951612903226,0.0,0.0,95.6212701612903,99.77822580645162,100.0,0.0,97.94560483870968
KKA2_KLEPN_Melnikov_2014,zs_wt_150M,99.75806451612904,100.0,0.0,96.24475806451612,99.75806451612904,100.0,0.0,98.00141129032258,99.75806451612904,100.0,0.0,98.87973790322582,99.77822580645162,100.0,0.0,99.41693548387097
KKA2_KLEPN_Melnikov_2014,zs_wt_650M,98.68951612903226,0.0,0.0,96.70645161290324,99.8991935483871,100.0,0.0,97.92782258064511,99.8991935483871,100.0,0.0,98.91350806451612,99.91935483870968,100.0,100.0,99.51004032258064
KKA2_KLEPN_Melnikov_2014,zs_wt_8M,98.68951612903226,0.0,0.0,93.00967741935484,99.75806451612904,100.0,0.0,96.30907258064515,99.75806451612904,100.0,0.0,98.03356854838711,99.77822580645162,100.0,0.0,99.06935483870969
MLAC_ECOLI_MacRae_2023,adalead_graph,98.8582480658847,60.0,5.0,94.10516595957075,99.48714749188919,85.0,15.0,96.65688794609434,99.67556775642626,90.0,25.0,98.1301347641627,99.85150985774894,100.0,50.0,99.14702520588968
MLAC_ECOLI_MacRae_2023,fly,96.99775393062141,25.0,0.0,89.25353132018967,98.65235837284752,45.0,0.0,93.59334913900673,99.20264537060146,60.0,0.0,96.27583603693537,99.640628899426,100.0,15.0,98.1848490142251
MLAC_ECOLI_MacRae_2023,fly_best_tested,97.7164961317694,25.0,0.0,88.57219865235837,99.03668579985026,60.0,10.0,93.63314200149738,99.54329922635388,90.0,15.0,96.51340778637385,99.81657100074868,100.0,35.0,98.44140254554529
MLAC_ECOLI_MacRae_2023,fly_memory,96.35887197404543,10.0,0.0,88.15465435487896,98.06962815073621,50.0,0.0,92.75452957324681,99.35238332917395,85.0,15.0,95.82950461692039,99.70052408285501,100.0,40.0,98.07334913900674
MLAC_ECOLI_MacRae_2023,gpbo_ei,98.06838033441477,40.0,15.0,93.44821562266034,98.82705265784877,40.0,15.0,96.09901422510606,99.49962565510357,85.0,30.0,97.65154105315698,99.8140753681058,100.0,50.0,98.8940628899426
MLAC_ECOLI_MacRae_2023,greedy_local,97.24606937858746,15.0,0.0,87.60344397304716,98.64611929124032,40.0,5.0,92.78571250311954,99.460943349139,85.0,10.0,96.0378400299476,99.85774893935613,100.0,50.0,98.24999500873471
MLAC_ECOLI_MacRae_2023,random_search,98.0559021712004,55.0,5.0,91.39500873471425,98.99051659595708,65.0,5.0,94.94297479411031,99.49588220613926,90.0,15.0,97.11352008984277,99.780384327427,100.0,40.0,98.67702021462439
MLAC_ECOLI_MacRae_2023,random_walk,93.10831045670076,25.0,0.0,86.49026703269278,98.5450461692039,50.0,0.0,91.95123533815823,99.36610930870975,85.0,5.0,95.50293236835537,99.71300224606938,100.0,40.0,97.94893935612677
MLAC_ECOLI_MacRae_2023,regevo,98.86448714749189,50.0,5.0,93.75884701771899,99.36860494135263,75.0,15.0,96.46997753930621,99.70426753181931,100.0,20.0,98.02380209633142,99.83154479660593,100.0,40.0,99.0753381582231
MLAC_ECOLI_MacRae_2023,zs_mm_150M,96.20663838283005,0.0,0.0,88.682305964562,98.65235837284752,0.0,0.0,93.64287496880458,98.65235837284752,0.0,0.0,96.14761667082607,99.92513102071375,100.0,100.0,98.20718742201149
MLAC_ECOLI_MacRae_2023,zs_mm_8M,99.62565510356876,100.0,0.0,98.36336411280259,99.62565510356876,100.0,0.0,98.99450960818571,99.80034938857,100.0,0.0,99.36860494135264,99.92513102071375,100.0,100.0,99.70102320938356
MLAC_ECOLI_MacRae_2023,zs_wt_150M,96.20663838283005,0.0,0.0,88.79460943349139,98.65235837284752,0.0,0.0,93.01422510606437,98.65235837284752,0.0,0.0,95.83329173945596,99.8502620414275,100.0,0.0,98.01108060893438
MLAC_ECOLI_MacRae_2023,zs_wt_650M,97.42949837783878,0.0,0.0,94.5710007486898,97.95358123284252,0.0,0.0,96.08410282006489,99.55078612428251,100.0,0.0,97.58584976291488,99.8502620414275,100.0,0.0,98.87501871724479
MLAC_ECOLI_MacRae_2023,zs_wt_8M,99.62565510356876,100.0,0.0,98.20014973795857,99.80034938857,100.0,0.0,98.96705764911403,99.92513102071375,100.0,100.0,99.41427501871723,99.92513102071375,100.0,100.0,99.72078861991511
NUD15_HUMAN_Suiter_2020,adalead_graph,98.48628691983122,45.0,10.0,94.09581575246132,99.00316455696202,55.0,20.0,96.44066455696202,99.74331926863573,95.0,50.0,97.96634142053446,99.97714486638537,100.0,90.0,99.12564697609001
NUD15_HUMAN_Suiter_2020,fly,96.20253164556962,45.0,20.0,87.203129395218,99.1684247538678,65.0,40.0,92.9431434599156,99.68881856540085,85.0,65.0,96.21679852320675,99.9507735583685,100.0,85.0,98.38431082981717
NUD15_HUMAN_Suiter_2020,fly_best_tested,96.59810126582279,30.0,10.0,91.14212376933895,99.00316455696203,50.0,30.0,94.71700070323487,99.71870604781996,90.0,60.0,97.04556082981716,99.99120956399437,100.0,95.0,98.78244022503516
NUD15_HUMAN_Suiter_2020,fly_memory,92.32594936708861,30.0,15.0,86.50474683544304,98.3509142053446,55.0,35.0,91.82116736990154,99.6079465541491,85.0,45.0,95.48710443037974,99.92088607594937,95.0,85.0,98.09589662447257
NUD15_HUMAN_Suiter_2020,gpbo_ei,99.0365682137834,70.0,20.0,93.47415611814345,99.52355836849509,85.0,40.0,96.41286919831224,99.9648382559775,100.0,85.0,98.1161128691983,100.0,100.0,100.0,99.24232770745428
NUD15_HUMAN_Suiter_2020,greedy_local,95.37271448663854,20.0,5.0,88.32144866385372,98.15225035161744,35.0,5.0,92.85868495077355,99.48663853727145,80.0,20.0,95.99845288326301,99.83122362869199,95.0,55.0,98.20180028129396
NUD15_HUMAN_Suiter_2020,random_search,98.42651195499296,60.0,5.0,93.46100562587904,99.25632911392405,80.0,10.0,96.13002812939521,99.62025316455696,100.0,20.0,97.79686181434599,99.82770745428974,100.0,40.0,98.97694092827004
NUD15_HUMAN_Suiter_2020,random_walk,91.41877637130801,35.0,10.0,85.71160337552742,96.6139240506329,60.0,35.0,90.00552039381152,99.5675105485232,85.0,55.0,94.36138361462729,99.971870604782,100.0,90.0,97.66226793248946
NUD15_HUMAN_Suiter_2020,regevo,97.9395218002813,40.0,0.0,93.57584388185654,99.24753867791843,70.0,40.0,96.16833684950774,99.55168776371309,85.0,60.0,97.79992088607595,99.97714486638537,100.0,90.0,98.97839662447258
NUD15_HUMAN_Suiter_2020,zs_mm_150M,95.32348804500704,0.0,0.0,91.29606188466951,99.89451476793249,100.0,0.0,94.92158931082984,99.89451476793249,100.0,0.0,97.40805203938115,99.89451476793249,100.0,0.0,98.89992967651193
NUD15_HUMAN_Suiter_2020,zs_mm_8M,98.80450070323488,0.0,0.0,91.54500703234883,99.89451476793249,100.0,0.0,95.46905766526022,99.89451476793249,100.0,0.0,97.68178621659634,99.89451476793249,100.0,0.0,99.00942334739801
NUD15_HUMAN_Suiter_2020,zs_wt_150M,95.32348804500704,0.0,0.0,90.06962025316457,99.89451476793249,100.0,0.0,94.09915611814347,99.89451476793249,100.0,0.0,96.99683544303798,99.89451476793249,100.0,0.0,98.73544303797468
NUD15_HUMAN_Suiter_2020,zs_wt_650M,98.80450070323488,0.0,0.0,97.66244725738397,99.50773558368495,100.0,0.0,98.49367088607598,99.89451476793249,100.0,0.0,99.14574542897327,99.89451476793249,100.0,0.0,99.59500703234879
NUD15_HUMAN_Suiter_2020,zs_wt_8M,98.80450070323488,0.0,0.0,91.4887482419128,98.80450070323488,0.0,0.0,95.14662447257382,99.89451476793249,100.0,0.0,97.46606891701828,99.89451476793249,100.0,0.0,98.92313642756679
RASH_HUMAN_Bandaru_2017,adalead_graph,98.55934907466496,65.0,0.0,94.27405871091257,99.08423739629866,75.0,0.0,96.57927568602425,99.66656030631779,95.0,25.0,97.98820197830248,99.91544352265475,100.0,75.0,99.0832801531589
RASH_HUMAN_Bandaru_2017,fly,96.80599872367581,35.0,25.0,87.18532227185706,98.89119336311424,45.0,35.0,92.83988513082322,99.62348436502872,80.0,55.0,96.03364709636247,99.87874920229737,100.0,85.0,98.30796426292278
RASH_HUMAN_Bandaru_2017,fly_best_tested,94.04913848117421,30.0,5.0,87.09001276324186,97.64199106573069,45.0,20.0,91.66896936821952,99.4974473516273,80.0,30.0,95.38003350350989,99.93618379068283,100.0,90.0,98.00532546266751
RASH_HUMAN_Bandaru_2017,fly_memory,95.81365666879387,15.0,0.0,86.52938736439054,98.38864071474154,40.0,10.0,92.02852584556477,99.40491384811742,65.0,35.0,95.576986279515,99.85162731333759,95.0,80.0,98.05527440970006
RASH_HUMAN_Bandaru_2017,gpbo_ei,98.71729419272495,75.0,0.0,95.10172303765157,99.36662412252711,85.0,0.0,97.07292597319717,99.55966815571155,100.0,0.0,98.28439693682193,99.75271218889597,100.0,0.0,99.12665922144225
RASH_HUMAN_Bandaru_2017,greedy_local,97.89406509253351,45.0,5.0,88.72846202935546,99.34269304403318,80.0,10.0,93.77461710274409,99.63305679642629,95.0,25.0,96.64224633056796,99.86917677089981,100.0,65.0,98.52748245054242
RASH_HUMAN_Bandaru_2017,random_search,97.51914486279516,20.0,0.0,92.91777281429482,98.6151882578175,55.0,0.0,95.60848755583918,99.3379068283344,75.0,15.0,97.29041959157625,99.79419272495213,100.0,45.0,98.68773771537971
RASH_HUMAN_Bandaru_2017,random_walk,93.86407147415443,20.0,15.0,88.43353541799618,98.4795788130185,40.0,20.0,92.84931397574982,99.25175494575622,65.0,35.0,95.82266273133375,99.88672622846204,100.0,75.0,98.13702616464582
RASH_HUMAN_Bandaru_2017,regevo,98.51627313337588,45.0,10.0,94.60820038289725,99.32035737077217,65.0,25.0,96.81265156349713,99.54371410338226,75.0,45.0,98.14388959795788,99.93139757498405,100.0,95.0,99.15997128270581
RASH_HUMAN_Bandaru_2017,zs_mm_150M,98.97894065092534,0.0,0.0,96.99234205488193,98.97894065092534,0.0,0.0,97.98564135290367,99.96809189534142,100.0,100.0,98.88162093171667,99.96809189534142,100.0,100.0,99.53350350989152
RASH_HUMAN_Bandaru_2017,zs_mm_8M,97.47925973197192,0.0,0.0,97.07594128908742,99.55328653477983,100.0,0.0,98.02680280791319,99.55328653477983,100.0,0.0,98.79004467134651,100.0,100.0,100.0,99.38379068283342
RASH_HUMAN_Bandaru_2017,zs_wt_150M,98.97894065092534,0.0,0.0,97.19336311423099,99.13848117421826,100.0,0.0,98.11965539246972,99.96809189534142,100.0,100.0,98.82402680280791,99.96809189534142,100.0,100.0,99.510465858328
RASH_HUMAN_Bandaru_2017,zs_wt_650M,99.8085513720485,100.0,0.0,94.8315252074027,99.8085513720485,100.0,0.0,97.32003828972557,99.96809189534142,100.0,100.0,98.60816847479258,99.96809189534142,100.0,100.0,99.42412252712188
RASH_HUMAN_Bandaru_2017,zs_wt_8M,98.30887045309508,0.0,0.0,95.50223356732607,100.0,100.0,100.0,96.93937460114869,100.0,100.0,100.0,98.46968730057434,100.0,100.0,100.0,99.38787492022975
RNC_ECOLI_Weeks_2023,adalead_graph,97.9214402618658,35.0,5.0,92.34318447509938,98.85083002104278,55.0,5.0,95.39489127893384,99.46340893149404,85.0,20.0,97.29845101706803,99.78372691138648,100.0,40.0,98.72660977320552
RNC_ECOLI_Weeks_2023,fly,95.8066401683423,15.0,5.0,89.26754734627075,97.25976151508067,20.0,5.0,93.05148468552724,98.70820668693008,45.0,10.0,95.64930441898528,99.57329904138415,95.0,15.0,97.82963993453356
RNC_ECOLI_Weeks_2023,fly_best_tested,95.71077858311901,10.0,0.0,84.58922141688099,96.81669394435352,25.0,0.0,90.39023848491932,98.50128594809446,45.0,0.0,94.24260579845686,99.45522562543839,95.0,0.0,97.19244096329203
RNC_ECOLI_Weeks_2023,fly_memory,94.24245966799158,10.0,0.0,87.67921440261867,97.11596913724574,25.0,0.0,91.57363806406359,98.66612111292963,45.0,0.0,94.79860299275194,99.51601589899462,95.0,0.0,97.49228664952071
RNC_ECOLI_Weeks_2023,gpbo_ei,98.67781155015197,40.0,10.0,93.68166939443535,98.85667523965397,45.0,15.0,96.22360299275194,99.5183539864391,85.0,20.0,97.76241524433013,99.89595510872107,100.0,45.0,98.97730886135142
RNC_ECOLI_Weeks_2023,greedy_local,97.52513444002805,25.0,5.0,87.45522562543839,98.82277297170914,55.0,5.0,92.89086976852933,99.39326630815992,85.0,25.0,96.05127425765724,99.81412204816459,100.0,50.0,98.23939911152677
RNC_ECOLI_Weeks_2023,random_search,97.60229132569557,25.0,0.0,92.25419686696281,98.72691138648585,50.0,5.0,95.29504325461772,99.52303016132802,85.0,15.0,97.26518003273323,99.80710778583119,100.0,40.0,98.70708908113163
RNC_ECOLI_Weeks_2023,random_walk,94.51952303016132,15.0,0.0,86.62674772036475,97.8980593874211,30.0,0.0,91.69609539396774,98.56324526537293,45.0,0.0,94.99855623100304,99.5686228664952,100.0,15.0,97.47932663081599
RNC_ECOLI_Weeks_2023,regevo,98.22539162964695,40.0,5.0,91.89628244096329,99.14893617021276,80.0,5.0,95.32308861351414,99.6446107084405,100.0,15.0,97.40507949497311,99.84568622866496,100.0,40.0,98.83178396072013
RNC_ECOLI_Weeks_2023,zs_mm_150M,99.48562076221651,100.0,0.0,96.14075286415711,99.64928688332944,100.0,0.0,97.82955342529814,99.74281038110826,100.0,0.0,98.74596679915828,99.90647650222118,100.0,100.0,99.3483282674772
RNC_ECOLI_Weeks_2023,zs_mm_8M,95.019873743278,0.0,0.0,84.95300444236615,96.93710544774375,0.0,0.0,90.25087678279168,99.13490764554594,100.0,0.0,94.61596913724574,99.64928688332944,100.0,0.0,97.58643909282206
RNC_ECOLI_Weeks_2023,zs_wt_150M,99.48562076221651,100.0,0.0,96.6883329436521,99.64928688332944,100.0,0.0,98.12789338321258,99.74281038110826,100.0,0.0,98.90869768529345,99.74281038110826,100.0,0.0,99.40916530278231
RNC_ECOLI_Weeks_2023,zs_wt_650M,99.48562076221651,100.0,0.0,96.04769698386717,99.74281038110826,100.0,0.0,97.77951835398646,99.74281038110826,100.0,0.0,98.76116436754735,99.74281038110826,100.0,0.0,99.3501519756839
RNC_ECOLI_Weeks_2023,zs_wt_8M,95.019873743278,0.0,0.0,88.6967500584522,99.13490764554594,100.0,0.0,92.80476969838675,99.48562076221651,100.0,0.0,96.02069207388358,99.64928688332944,100.0,0.0,98.1346738368015
TPK1_HUMAN_Weile_2017,adalead_graph,98.39987425337944,45.0,10.0,93.76491669286388,98.92801005972964,55.0,20.0,96.25432254008173,99.56145866079848,90.0,35.0,97.79060829927695,99.86482238289845,100.0,40.0,98.98912920465261
TPK1_HUMAN_Weile_2017,fly,97.63596353348004,25.0,5.0,92.57312165985539,98.92958189248664,40.0,10.0,95.54888399874253,99.33197107827728,70.0,15.0,97.35631876768312,99.75636592266582,95.0,45.0,98.6793241119145
TPK1_HUMAN_Weile_2017,fly_best_tested,97.28858849418421,40.0,0.0,91.26186733731531,98.43917007230431,45.0,0.0,94.56740018861993,99.27066960075447,75.0,5.0,96.70591009116629,99.61018547626533,100.0,15.0,98.36788431310909
TPK1_HUMAN_Weile_2017,fly_memory,97.64382269726501,30.0,0.0,91.82121974221943,98.7048098082364,50.0,0.0,94.97074819239234,99.47815152467777,80.0,10.0,97.05569789374411,99.81295190191763,100.0,35.0,98.60506444514303
TPK1_HUMAN_Weile_2017,gpbo_ei,98.38258409305249,50.0,5.0,93.65994970135178,98.96416221314051,60.0,10.0,96.11230745048725,99.80980823640365,95.0,65.0,97.8382269726501,99.99371266897202,100.0,100.0,99.11428795976107
TPK1_HUMAN_Weile_2017,greedy_local,98.42973907576234,45.0,10.0,92.87158126375354,99.49072618673372,75.0,30.0,95.9924080477837,99.69034894687205,95.0,40.0,97.78858849418421,99.83181389500157,100.0,50.0,98.98172587236716
TPK1_HUMAN_Weile_2017,random_search,97.90474693492612,50.0,5.0,93.32209996856335,98.97359320968249,70.0,5.0,95.93250550141465,99.59603898145238,90.0,20.0,97.69008959446714,99.83967305878654,100.0,50.0,98.9296416221314
TPK1_HUMAN_Weile_2017,random_walk,97.39861678717384,35.0,5.0,92.0023577491355,98.43288274127633,45.0,10.0,95.04129204652625,99.48129519019176,90.0,10.0,97.09381483810122,99.71078277271297,100.0,25.0,98.6036875196479
TPK1_HUMAN_Weile_2017,regevo,98.85099025463691,50.0,10.0,93.46947500785916,99.36655139893115,65.0,15.0,96.31953788116945,99.65576862621818,90.0,20.0,97.92506287331028,99.89468720528136,100.0,55.0,99.07359006601698
TPK1_HUMAN_Weile_2017,zs_mm_150M,98.93115372524363,0.0,0.0,96.18861993083934,98.93115372524363,0.0,0.0,97.55988682804146,98.93115372524363,0.0,0.0,98.24552027664252,99.90569003458032,100.0,100.0,99.10965105312792
TPK1_HUMAN_Weile_2017,zs_mm_8M,98.89971707010375,0.0,0.0,93.19270669600758,98.89971707010375,0.0,0.0,96.04621188305566,98.89971707010375,0.0,0.0,97.47296447657969,99.74850675888085,100.0,0.0,98.71197736560826
TPK1_HUMAN_Weile_2017,zs_wt_150M,98.93115372524363,0.0,0.0,96.53945300220056,98.93115372524363,0.0,0.0,97.73530336372207,99.71707010374097,100.0,0.0,98.3764539453002,99.71707010374097,100.0,0.0,99.18082364036466
TPK1_HUMAN_Weile_2017,zs_wt_650M,98.80540710468406,0.0,0.0,90.61552970763913,98.80540710468406,0.0,0.0,94.7104684061616,98.83684375982395,0.0,0.0,96.76721156868909,99.9685633448601,100.0,100.0,98.53046211883056
TPK1_HUMAN_Weile_2017,zs_wt_8M,98.89971707010375,0.0,0.0,93.4787802577806,98.89971707010375,0.0,0.0,96.18924866394217,99.0569003458032,100.0,0.0,97.57041810751335,99.74850675888085,100.0,0.0,98.77403332285444
TPMT_HUMAN_Matreyek_2018,adalead_graph,98.64720394736841,60.0,5.0,95.52042214912281,99.35032894736841,80.0,10.0,97.24958881578947,99.58333333333334,95.0,10.0,98.36626233552632,99.76836622807018,100.0,25.0,99.17295230263157
TPMT_HUMAN_Matreyek_2018,fly,97.59457236842105,50.0,10.0,92.26151315789474,99.43530701754386,85.0,20.0,95.65121984649123,99.73958333333334,100.0,35.0,97.62216968201754,99.94654605263159,100.0,85.0,98.97941063596491
TPMT_HUMAN_Matreyek_2018,fly_best_tested,97.37390350877193,35.0,5.0,91.39281798245614,99.1296600877193,80.0,10.0,95.10378289473684,99.59292763157895,100.0,20.0,97.26337719298246,99.87664473684211,100.0,65.0,98.76137335526316
TPMT_HUMAN_Matreyek_2018,fly_memory,96.43092105263159,60.0,20.0,91.5591831140351,99.5093201754386,90.0,30.0,95.20634594298247,99.74780701754386,100.0,40.0,97.42704221491229,99.88760964912281,100.0,70.0,98.86986567982457
TPMT_HUMAN_Matreyek_2018,gpbo_ei,98.21957236842105,55.0,10.0,94.66962719298246,98.83086622807018,60.0,15.0,96.58152412280701,99.31743421052632,75.0,25.0,97.82995476973684,99.7669956140351,95.0,65.0,98.86456140350877
TPMT_HUMAN_Matreyek_2018,greedy_local,97.24643640350877,40.0,5.0,90.79032346491229,99.08168859649123,70.0,15.0,94.63893914473684,99.51754385964912,90.0,20.0,97.01443941885965,99.86430921052632,100.0,65.0,98.65933662280702
TPMT_HUMAN_Matreyek_2018,random_search,97.99479166666666,45.0,10.0,94.7954221491228,99.3626644736842,75.0,25.0,96.76045778508771,99.6203399122807,95.0,35.0,98.11935307017544,99.83689692982456,100.0,50.0,99.09243969298245
TPMT_HUMAN_Matreyek_2018,random_walk,94.93558114035088,35.0,10.0,90.45600328947368,99.0638706140351,65.0,20.0,94.14554550438598,99.51480263157895,90.0,35.0,96.72449287280702,99.90816885964912,100.0,80.0,98.52858004385965
TPMT_HUMAN_Matreyek_2018,regevo,98.60060307017544,50.0,10.0,93.43626644736841,99.40241228070175,85.0,15.0,96.29750548245613,99.6984649122807,100.0,15.0,97.90642817982456,99.86430921052632,100.0,40.0,99.04157620614036
TPMT_HUMAN_Matreyek_2018,zs_mm_150M,99.01315789473684,100.0,0.0,89.76864035087718,99.01315789473684,100.0,0.0,94.39089912280703,99.80811403508773,100.0,0.0,97.07812500000001,99.9451754385965,100.0,100.0,98.78865131578947
TPMT_HUMAN_Matreyek_2018,zs_mm_8M,99.86293859649123,100.0,0.0,94.28728070175438,99.86293859649123,100.0,0.0,97.07510964912275,99.86293859649123,100.0,0.0,98.46902412280699,99.86293859649123,100.0,0.0,99.30537280701753
TPMT_HUMAN_Matreyek_2018,zs_wt_150M,98.3826754385965,0.0,0.0,88.78782894736841,99.01315789473684,100.0,0.0,93.78700657894737,99.86293859649123,100.0,0.0,96.73081140350878,99.9451754385965,100.0,100.0,98.64610745614034
TPMT_HUMAN_Matreyek_2018,zs_wt_650M,98.90350877192982,0.0,0.0,93.80263157894734,99.86293859649123,100.0,0.0,96.7253289473684,99.86293859649123,100.0,0.0,98.29413377192981,99.86293859649123,100.0,0.0,99.23541666666665
TPMT_HUMAN_Matreyek_2018,zs_wt_8M,99.86293859649123,100.0,0.0,94.21491228070175,99.86293859649123,100.0,0.0,97.03892543859645,99.86293859649123,100.0,0.0,98.45093201754385,99.89035087719299,100.0,0.0,99.30076754385964
UBC9_HUMAN_Weile_2017,adalead_graph,98.33398361295357,40.0,20.0,93.101092469762,99.46937182988685,85.0,40.0,96.00920795942255,99.59227467811158,95.0,45.0,97.78384705423332,99.93172063987515,100.0,85.0,99.02
UBC9_HUMAN_Weile_2017,fly,95.26726492391728,5.0,0.0,89.42793601248538,96.87865782286383,15.0,0.0,92.8442450253609,98.87241513850957,55.0,10.0,95.52805306281701,99.73468591494343,95.0,45.0,97.92884900507218
UBC9_HUMAN_Weile_2017,fly_best_tested,95.69254779555209,5.0,0.0,90.2450643776824,97.89114319157237,30.0,5.0,93.648361295357,99.12212251268045,75.0,25.0,96.14219664455717,99.83027701911821,100.0,55.0,98.22337495122903
UBC9_HUMAN_Weile_2017,fly_memory,95.86227077643386,25.0,10.0,91.34635193133047,98.14670308232539,40.0,10.0,94.17257120561842,98.87241513850957,50.0,25.0,96.37896995708155,99.69957081545064,95.0,40.0,98.19458447132267
UBC9_HUMAN_Weile_2017,gpbo_ei,98.03550526726492,35.0,0.0,93.71225126804526,99.01677721420211,60.0,5.0,96.1532188841202,99.5942255169723,90.0,30.0,97.76072961373391,99.93367147873586,100.0,90.0,98.99443230589154
UBC9_HUMAN_Weile_2017,greedy_local,98.24424502536091,40.0,20.0,90.89793211080764,99.29964884900508,60.0,35.0,94.96367538041358,99.47717518532968,80.0,40.0,97.18253023800233,99.82247366367538,100.0,80.0,98.70959032383925
UBC9_HUMAN_Weile_2017,random_search,97.68630511119781,40.0,5.0,93.37826765509169,99.23332032774093,75.0,5.0,96.05526726492391,99.67616074912212,95.0,30.0,97.7598809988295,99.8458837300039,100.0,50.0,98.9685602809208
UBC9_HUMAN_Weile_2017,random_walk,96.94108466640655,25.0,5.0,89.95895435037066,98.47639484978541,35.0,5.0,94.00499414748342,99.26258291065157,65.0,20.0,96.45394069449864,99.865392118611,100.0,60.0,98.35921966445571
UBC9_HUMAN_Weile_2017,regevo,98.38665626219274,45.0,10.0,93.25950058525166,99.00117050331643,60.0,10.0,96.02668747561452,99.54740538431525,100.0,40.0,97.70116074912212,99.83027701911821,100.0,70.0,98.90230979321107
UBC9_HUMAN_Weile_2017,zs_mm_150M,99.25868123293016,100.0,0.0,91.9609832227858,99.9219664455716,100.0,100.0,95.92157627779947,99.9219664455716,100.0,100.0,97.92177136168551,99.9219664455716,100.0,100.0,99.12188841201716
UBC9_HUMAN_Weile_2017,zs_mm_8M,99.41474834178698,100.0,0.0,97.79867342957473,99.41474834178698,100.0,0.0,98.60671088568088,99.41474834178698,100.0,0.0,99.01072961373393,99.68786578228638,100.0,0.0,99.26024190401874
UBC9_HUMAN_Weile_2017,zs_wt_150M,99.804916113929,100.0,0.0,90.82481467030823,99.9219664455716,100.0,100.0,95.3581740148264,99.9219664455716,100.0,100.0,97.64007023019899,99.9219664455716,100.0,100.0,99.00920795942255
UBC9_HUMAN_Weile_2017,zs_wt_650M,99.25868123293016,100.0,0.0,95.04252828716348,99.25868123293016,100.0,0.0,97.15060476004683,99.76589933671478,100.0,0.0,98.35427233710496,99.9219664455716,100.0,100.0,99.23854857588763
UBC9_HUMAN_Weile_2017,zs_wt_8M,99.41474834178698,100.0,0.0,98.57276628950453,99.41474834178698,100.0,0.0,98.99375731564577,99.41474834178698,100.0,0.0,99.20425282871636,99.68786578228638,100.0,0.0,99.36933281310965
