assay,model,mode,spearman
BLAT,150M,mm,0.6577628029696572
BLAT,150M,wt,0.6363147861986028
BLAT,650M,wt,0.7279299493143186
BLAT,8M,mm,0.4113198212460918
BLAT,8M,wt,0.3878017934794072
DYR,150M,mm,0.5253028388745263
DYR,150M,wt,0.5065671333961728
DYR,650M,wt,0.5383934947724666
DYR,8M,mm,0.13277447160805134
DYR,8M,wt,0.14746233004006948
RASH,150M,mm,0.48689437724469464
RASH,150M,wt,0.4801367188437097
RASH,650M,wt,0.4769128323668884
RASH,8M,mm,0.45674332293220193
RASH,8M,wt,0.4592693912561874
UBC9,150M,mm,0.4025856463328942
UBC9,150M,wt,0.3903373547866716
UBC9,650M,wt,0.45460133123357405
UBC9,8M,mm,0.0009161452388730634
UBC9,8M,wt,0.02011577641730794
NUD15,150M,mm,0.4598067343839722
NUD15,150M,wt,0.45973839509599124
NUD15,650M,wt,0.5280645297907914
NUD15,8M,mm,0.2988384399882188
NUD15,8M,wt,0.3046877104463774
TPK1,150M,mm,0.25310869529860597
TPK1,150M,wt,0.2553134006814742
TPK1,650M,wt,0.33340493974171054
TPK1,8M,mm,0.10809270859553828
TPK1,8M,wt,0.1029748328518068
MLAC,150M,mm,0.27275139506928187
MLAC,150M,wt,0.2659562306297525
MLAC,650M,wt,0.36597154185754266
MLAC,8M,mm,-0.011183946078164453
MLAC,8M,wt,-0.009562607502511162
KKA2,150M,mm,0.48741641502835964
KKA2,150M,wt,0.4681831788717593
KKA2,650M,wt,0.5792683946480841
KKA2,8M,mm,0.21186368711565728
KKA2,8M,wt,0.19143333370244464
TPMT,150M,mm,0.5314074111967162
TPMT,150M,wt,0.5238786855219774
TPMT,650M,wt,0.5371428750571939
TPMT,8M,mm,0.308429678015341
TPMT,8M,wt,0.28491376407432306
RNC,150M,mm,0.5879405754509662
RNC,150M,wt,0.5846489991330454
RNC,650M,wt,0.5835264172369682
RNC,8M,mm,0.06397911368326026
RNC,8M,wt,0.0655071269402171
