model,seed,arm,n_kc,recall15,fit_rho,gain,gain_carry
8M,1,random_2000,2000,0.7118666666666668,0.6692967223770427,6.0,18.0
8M,1,random_1785,1785,0.6990666666666667,0.667070847156888,2.0,22.0
8M,1,hemibrain,1785,0.5648666666666667,0.6169475414618115,8.000000000000007,2.0
8M,2,random_2000,2000,0.7113333333333334,0.661463587820873,-2.000000000000007,6.0
8M,2,random_1785,1785,0.699,0.644276068767658,-6.0,10.0
8M,2,hemibrain,1785,0.5399333333333334,0.6198208662345714,-8.0,14.0
8M,0,random_2000,2000,0.7136,0.6653560153659616,2.000000000000007,2.000000000000007
8M,0,random_1785,1785,0.706,0.6589077206351502,6.0,-6.0
8M,0,hemibrain,1785,0.5676,0.614532924541766,-8.0,-10.0
8M,3,random_2000,2000,0.7151333333333334,0.674728464412536,-2.0,32.0
8M,3,random_1785,1785,0.6979333333333333,0.6579908989476613,-2.0,18.000000000000007
8M,3,hemibrain,1785,0.5519999999999999,0.6263838764337142,2.0,24.0
8M,4,random_2000,2000,0.7128666666666666,0.6651467440454599,6.0,22.0
8M,4,random_1785,1785,0.7002666666666666,0.6649681036500866,8.0,24.0
8M,4,hemibrain,1785,0.5534666666666667,0.6089464138323475,4.0,28.0
8M,5,random_2000,2000,0.7118,0.6513897515967983,0.0,22.000000000000007
8M,5,random_1785,1785,0.6989333333333333,0.646779614373299,-7.999999999999993,20.000000000000007
8M,5,hemibrain,1785,0.5596,0.6292096017689982,-5.999999999999993,4.000000000000007
8M,6,random_2000,2000,0.7186,0.6691186609996913,-8.0,18.0
8M,6,random_1785,1785,0.7044,0.6673181026238614,0.0,2.0
8M,6,hemibrain,1785,0.572,0.6618720801571072,-8.0,7.999999999999993
8M,7,random_2000,2000,0.7107333333333333,0.6737184899118855,14.0,8.000000000000007
8M,7,random_1785,1785,0.6961999999999999,0.6688645173246981,9.999999999999993,16.0
8M,7,hemibrain,1785,0.5686666666666667,0.6305874653796888,12.0,18.0
8M,8,random_2000,2000,0.7078666666666666,0.6522259188485697,7.999999999999993,26.0
8M,8,random_1785,1785,0.6996666666666667,0.6544146709476274,-2.0,30.0
8M,8,hemibrain,1785,0.55,0.6364529845150017,2.0,16.0
8M,9,random_2000,2000,0.7142666666666667,0.6746865711473835,-7.999999999999993,6.000000000000007
8M,9,random_1785,1785,0.6997333333333333,0.6629074294240611,-9.999999999999993,26.000000000000007
8M,9,hemibrain,1785,0.5606666666666666,0.6279613900737211,-5.999999999999993,8.000000000000007
150M,0,random_2000,2000,0.7337333333333333,0.7910335911336706,6.0,20.0
150M,0,random_1785,1785,0.7179333333333333,0.794687035476554,2.0,30.0
150M,0,hemibrain,1785,0.5544,0.7642281332511893,0.0,22.0
150M,1,random_2000,2000,0.7364666666666667,0.7940105726637735,0.0,16.0
150M,1,random_1785,1785,0.7238666666666667,0.7970781130840634,-8.0,20.0
150M,1,hemibrain,1785,0.5496,0.7624459354298376,6.0,12.0
150M,2,random_2000,2000,0.7302666666666667,0.7955257264205479,4.0,4.0
150M,2,random_1785,1785,0.7170000000000001,0.7941058255403558,0.0,14.0
150M,2,hemibrain,1785,0.5616666666666668,0.7533226779126946,-2.0,6.0
150M,3,random_2000,2000,0.7315333333333334,0.8030053267091312,-2.0,18.0
150M,3,random_1785,1785,0.7162000000000001,0.8002002995899758,2.0,10.0
150M,3,hemibrain,1785,0.545,0.7627747033584404,-9.999999999999993,16.0
150M,4,random_2000,2000,0.7312,0.7946448902036644,14.0,30.0
150M,4,random_1785,1785,0.7186,0.7919829314301715,2.0,14.0
150M,4,hemibrain,1785,0.5343333333333333,0.7654650106041758,2.0,10.0
150M,5,random_2000,2000,0.7381333333333333,0.7962598965920658,4.0,20.0
150M,5,random_1785,1785,0.7234666666666667,0.7949010259395852,-8.0,-8.0
150M,5,hemibrain,1785,0.5458666666666667,0.7426535591672205,0.0,4.0
150M,6,random_2000,2000,0.7317333333333333,0.7819781656378503,-2.0,20.0
150M,6,random_1785,1785,0.722,0.7865125242270123,2.0,4.0
150M,6,hemibrain,1785,0.5393333333333333,0.7466558945796626,-6.0,4.0
150M,7,random_2000,2000,0.7333333333333333,0.7923409886202468,6.0,6.0
150M,7,random_1785,1785,0.7227333333333333,0.7912466311943267,-2.0,8.0
150M,7,hemibrain,1785,0.5484000000000001,0.761482912347093,12.0,16.0
150M,8,random_2000,2000,0.7342666666666666,0.7958865917060625,-6.0,16.0
150M,8,random_1785,1785,0.7188,0.7967929094693667,2.0,2.0
150M,8,hemibrain,1785,0.5427333333333333,0.754220743033746,-18.0,8.0
150M,9,random_2000,2000,0.7335333333333334,0.7989793011133902,12.000000000000007,32.00000000000001
150M,9,random_1785,1785,0.7238666666666667,0.7933794376038569,2.000000000000007,32.00000000000001
150M,9,hemibrain,1785,0.5516666666666666,0.7618166867122707,-1.9999999999999858,16.000000000000007
650M,0,random_2000,2000,0.7168666666666667,0.8156952395282725,5.999999999999993,2.0
650M,0,random_1785,1785,0.7047333333333333,0.8125610868786605,12.0,0.0
650M,0,hemibrain,1785,0.5303333333333333,0.7746450861610585,5.999999999999993,-2.0
650M,1,random_2000,2000,0.724,0.8217023809404969,1.9999999999999858,3.999999999999993
650M,1,random_1785,1785,0.7129333333333334,0.822317345512074,-8.000000000000007,9.999999999999993
650M,1,hemibrain,1785,0.5487333333333333,0.7668267517279764,3.999999999999993,9.999999999999993
650M,2,random_2000,2000,0.7235999999999999,0.8241747856056993,-2.000000000000007,19.999999999999993
650M,2,random_1785,1785,0.7124,0.8218135577633419,-2.000000000000007,3.999999999999993
650M,2,hemibrain,1785,0.5491333333333334,0.7815028829387195,-6.000000000000007,9.999999999999993
650M,3,random_2000,2000,0.7260000000000001,0.8200475069642521,-6.0,-10.0
650M,3,random_1785,1785,0.7144666666666667,0.8172274698007477,4.0,-14.0
650M,3,hemibrain,1785,0.5441333333333334,0.7761380969252597,-6.0,-28.0
650M,4,random_2000,2000,0.7262666666666667,0.8126792004456224,6.0,9.999999999999993
650M,4,random_1785,1785,0.7154666666666666,0.8091485582496284,12.0,24.0
650M,4,hemibrain,1785,0.5436666666666666,0.7743912521715502,6.0,26.0
650M,5,random_2000,2000,0.7201333333333333,0.8121031189207674,0.0,6.000000000000007
650M,5,random_1785,1785,0.7081999999999999,0.8121142053830956,2.000000000000007,16.000000000000007
650M,5,hemibrain,1785,0.5476,0.7735642771973803,-5.999999999999993,16.000000000000007
650M,6,random_2000,2000,0.7205999999999999,0.8100980844974016,6.000000000000007,-6.0
650M,6,random_1785,1785,0.7048666666666666,0.813092666932073,12.0,10.0
650M,6,hemibrain,1785,0.545,0.773053049758605,-6.0,6.000000000000007
650M,7,random_2000,2000,0.7226666666666667,0.8162758290617432,6.000000000000007,28.0
650M,7,random_1785,1785,0.7067333333333334,0.8099617003786793,-4.0,20.0
650M,7,hemibrain,1785,0.5291333333333333,0.7599798009539912,7.999999999999993,18.0
650M,8,random_2000,2000,0.7234666666666667,0.8119006589341153,4.0,-20.0
650M,8,random_1785,1785,0.7083999999999999,0.8106230523511295,4.0,26.0
650M,8,hemibrain,1785,0.5224,0.7849262023210009,11.999999999999993,6.0
650M,9,random_2000,2000,0.7226,0.8115142592650672,10.0,10.0
650M,9,random_1785,1785,0.7109333333333333,0.8131084294080908,6.0,24.0
650M,9,hemibrain,1785,0.5344666666666666,0.7787285731561556,-6.0,-25.999999999999996
