model,seed,config,carry,top1,rw,gain,median_best
8M,100,baseline,False,56.00000000000001,46.0,10.000000000000007,1.4482
8M,100,baseline,True,78.0,46.0,32.0,1.7029
8M,100,lr0.03,False,52.0,46.0,6.0,1.45085
8M,100,lr0.03,True,78.0,46.0,32.0,1.7029
8M,100,lr0.3,False,50.0,46.0,4.0,1.4135499999999999
8M,100,lr0.3,True,62.0,46.0,16.0,1.7029
8M,100,lr1.0,False,36.0,46.0,-10.0,1.31995
8M,100,lr1.0,True,66.0,46.0,20.0,1.7029
8M,100,T0.03,False,42.0,46.0,-4.0,1.31495
8M,100,T0.03,True,62.0,46.0,16.0,1.4697
8M,100,T0.3,False,54.0,46.0,8.0,1.4598
8M,100,T0.3,True,60.0,46.0,14.0,1.7029
8M,100,abs_lr0.1,False,34.0,46.0,-12.0,1.3124
8M,100,abs_lr0.1,True,82.0,46.0,36.0,1.7029
8M,100,abs_lr0.3,False,30.0,46.0,-16.0,1.3035
8M,100,abs_lr0.3,True,66.0,46.0,20.0,1.7029
8M,100,abs_lr1.0,False,26.0,46.0,-20.0,1.3035
8M,100,abs_lr1.0,True,46.0,46.0,0.0,1.36755
8M,100,replay2,False,42.0,46.0,-4.0,1.38175
8M,100,replay2,True,62.0,46.0,16.0,1.7029
8M,100,replay5,False,50.0,46.0,4.0,1.4257
8M,100,replay5,True,60.0,46.0,14.0,1.4697
8M,100,replay10,False,46.0,46.0,0.0,1.3943
8M,100,replay10,True,68.0,46.0,22.0,1.7029
8M,100,replay5_lr0.3,False,34.0,46.0,-12.0,1.31405
8M,100,replay5_lr0.3,True,54.0,46.0,8.0,1.4697
8M,100,replay5_T0.3,False,62.0,46.0,16.0,1.4598
8M,100,replay5_T0.3,True,57.99999999999999,46.0,11.999999999999993,1.4697
650M,100,baseline,False,56.00000000000001,60.0,-3.999999999999993,1.4598
650M,100,baseline,True,46.0,60.0,-14.0,1.3984
650M,100,lr0.03,False,57.99999999999999,60.0,-2.000000000000007,1.4598
650M,100,lr0.03,True,54.0,60.0,-6.0,1.454
650M,100,lr0.3,False,60.0,60.0,0.0,1.4598
650M,100,lr0.3,True,78.0,60.0,18.0,1.6161
650M,100,lr1.0,False,44.0,60.0,-16.0,1.3943
650M,100,lr1.0,True,56.00000000000001,60.0,-3.999999999999993,1.4598
650M,100,T0.03,False,56.00000000000001,60.0,-3.999999999999993,1.4598
650M,100,T0.03,True,38.0,60.0,-22.0,1.3342
650M,100,T0.3,False,60.0,60.0,0.0,1.46765
650M,100,T0.3,True,74.0,60.0,14.0,1.55465
650M,100,abs_lr0.1,False,16.0,60.0,-44.0,1.2995
650M,100,abs_lr0.1,True,6.0,60.0,-54.0,1.3304
650M,100,abs_lr0.3,False,28.000000000000004,60.0,-31.999999999999996,1.29155
650M,100,abs_lr0.3,True,42.0,60.0,-18.0,1.40235
650M,100,abs_lr1.0,False,22.0,60.0,-38.0,1.3026
650M,100,abs_lr1.0,True,50.0,60.0,-10.0,1.4299
650M,100,replay2,False,56.00000000000001,60.0,-3.999999999999993,1.4598
650M,100,replay2,True,52.0,60.0,-8.0,1.4598
650M,100,replay5,False,54.0,60.0,-6.0,1.4532500000000002
650M,100,replay5,True,48.0,60.0,-12.0,1.4
650M,100,replay10,False,52.0,60.0,-8.0,1.4401
650M,100,replay10,True,30.0,60.0,-30.0,1.39715
650M,100,replay5_lr0.3,False,57.99999999999999,60.0,-2.000000000000007,1.4598
650M,100,replay5_lr0.3,True,48.0,60.0,-12.0,1.39715
650M,100,replay5_T0.3,False,64.0,60.0,4.0,1.4825
650M,100,replay5_T0.3,True,80.0,60.0,20.0,1.5424
150M,100,baseline,False,62.0,57.99999999999999,4.000000000000007,1.454
150M,100,baseline,True,88.0,57.99999999999999,30.000000000000007,1.4825
150M,100,lr0.03,False,68.0,57.99999999999999,10.000000000000007,1.4825
150M,100,lr0.03,True,80.0,57.99999999999999,22.000000000000007,1.54505
150M,100,lr0.3,False,60.0,57.99999999999999,2.000000000000007,1.454
150M,100,lr0.3,True,84.0,57.99999999999999,26.000000000000007,1.5477
150M,100,lr1.0,False,52.0,57.99999999999999,-5.999999999999993,1.44745
150M,100,lr1.0,True,78.0,57.99999999999999,20.000000000000007,1.4825
150M,100,T0.03,False,66.0,57.99999999999999,8.000000000000007,1.44745
150M,100,T0.03,True,54.0,57.99999999999999,-3.999999999999993,1.4175
150M,100,T0.3,False,66.0,57.99999999999999,8.000000000000007,1.4598
150M,100,T0.3,True,74.0,57.99999999999999,16.000000000000007,1.4825
150M,100,abs_lr0.1,False,26.0,57.99999999999999,-31.999999999999993,1.31495
150M,100,abs_lr0.1,True,50.0,57.99999999999999,-7.999999999999993,1.412
150M,100,abs_lr0.3,False,20.0,57.99999999999999,-37.99999999999999,1.2929499999999998
150M,100,abs_lr0.3,True,52.0,57.99999999999999,-5.999999999999993,1.4467
150M,100,abs_lr1.0,False,14.000000000000002,57.99999999999999,-43.99999999999999,1.2696
150M,100,abs_lr1.0,True,56.00000000000001,57.99999999999999,-1.9999999999999858,1.50665
150M,100,replay2,False,74.0,57.99999999999999,16.000000000000007,1.4825
150M,100,replay2,True,80.0,57.99999999999999,22.000000000000007,1.4482
150M,100,replay5,False,60.0,57.99999999999999,2.000000000000007,1.4598
150M,100,replay5,True,78.0,57.99999999999999,20.000000000000007,1.5477
150M,100,replay10,False,52.0,57.99999999999999,-5.999999999999993,1.4467
150M,100,replay10,True,66.0,57.99999999999999,8.000000000000007,1.4598
150M,100,replay5_lr0.3,False,48.0,57.99999999999999,-9.999999999999993,1.4101
150M,100,replay5_lr0.3,True,72.0,57.99999999999999,14.000000000000007,1.5424
150M,100,replay5_T0.3,False,66.0,57.99999999999999,8.000000000000007,1.4598
150M,100,replay5_T0.3,True,86.0,57.99999999999999,28.000000000000007,1.6161
8M,101,baseline,False,57.99999999999999,57.99999999999999,0.0,1.4627
8M,101,baseline,True,66.0,57.99999999999999,8.000000000000007,1.7029
8M,101,lr0.03,False,56.00000000000001,57.99999999999999,-1.9999999999999858,1.4598
8M,101,lr0.03,True,66.0,57.99999999999999,8.000000000000007,1.7029
8M,101,lr0.3,False,57.99999999999999,57.99999999999999,0.0,1.47115
8M,101,lr0.3,True,70.0,57.99999999999999,12.000000000000007,1.7029
8M,101,lr1.0,False,42.0,57.99999999999999,-15.999999999999993,1.32295
8M,101,lr1.0,True,60.0,57.99999999999999,2.000000000000007,1.4598
8M,101,T0.03,False,48.0,57.99999999999999,-9.999999999999993,1.40625
8M,101,T0.03,True,28.000000000000004,57.99999999999999,-29.99999999999999,1.2691
8M,101,T0.3,False,56.00000000000001,57.99999999999999,-1.9999999999999858,1.4598
8M,101,T0.3,True,76.0,57.99999999999999,18.000000000000007,1.7029
8M,101,abs_lr0.1,False,48.0,57.99999999999999,-9.999999999999993,1.40115
8M,101,abs_lr0.1,True,72.0,57.99999999999999,14.000000000000007,1.7029
8M,101,abs_lr0.3,False,42.0,57.99999999999999,-15.999999999999993,1.3249
8M,101,abs_lr0.3,True,76.0,57.99999999999999,18.000000000000007,1.7029
8M,101,abs_lr1.0,False,28.000000000000004,57.99999999999999,-29.99999999999999,1.3035
8M,101,abs_lr1.0,True,54.0,57.99999999999999,-3.999999999999993,1.4598
8M,101,replay2,False,68.0,57.99999999999999,10.000000000000007,1.6724
8M,101,replay2,True,64.0,57.99999999999999,6.000000000000007,1.7029
8M,101,replay5,False,54.0,57.99999999999999,-3.999999999999993,1.4598
8M,101,replay5,True,72.0,57.99999999999999,14.000000000000007,1.7029
8M,101,replay10,False,52.0,57.99999999999999,-5.999999999999993,1.4598
8M,101,replay10,True,60.0,57.99999999999999,2.000000000000007,1.4598
8M,101,replay5_lr0.3,False,50.0,57.99999999999999,-7.999999999999993,1.4346999999999999
8M,101,replay5_lr0.3,True,57.99999999999999,57.99999999999999,0.0,1.4697
8M,101,replay5_T0.3,False,60.0,57.99999999999999,2.000000000000007,1.4598
8M,101,replay5_T0.3,True,72.0,57.99999999999999,14.000000000000007,1.7029
150M,101,baseline,False,76.0,74.0,2.0,1.4825
150M,101,baseline,True,88.0,74.0,14.0,1.7029
150M,101,lr0.03,False,74.0,74.0,0.0,1.5285000000000002
150M,101,lr0.03,True,70.0,74.0,-4.0,1.4825
150M,101,lr0.3,False,64.0,74.0,-10.0,1.4598
150M,101,lr0.3,True,74.0,74.0,0.0,1.5477
150M,101,lr1.0,False,66.0,74.0,-8.0,1.4482
150M,101,lr1.0,True,86.0,74.0,12.0,1.4825
150M,101,T0.03,False,56.00000000000001,74.0,-17.999999999999993,1.42305
150M,101,T0.03,True,74.0,74.0,0.0,1.4825
150M,101,T0.3,False,68.0,74.0,-6.0,1.4825
150M,101,T0.3,True,86.0,74.0,12.0,1.4998
150M,101,abs_lr0.1,False,30.0,74.0,-44.0,1.29915
150M,101,abs_lr0.1,True,34.0,74.0,-40.0,1.4
150M,101,abs_lr0.3,False,14.000000000000002,74.0,-60.0,1.26715
150M,101,abs_lr0.3,True,62.0,74.0,-12.0,1.4598
150M,101,abs_lr1.0,False,26.0,74.0,-48.0,1.27545
150M,101,abs_lr1.0,True,86.0,74.0,12.0,1.4598
150M,101,replay2,False,76.0,74.0,2.0,1.4825
150M,101,replay2,True,92.0,74.0,18.0,1.4598
150M,101,replay5,False,72.0,74.0,-2.0,1.47115
150M,101,replay5,True,92.0,74.0,18.0,1.5124499999999999
150M,101,replay10,False,57.99999999999999,74.0,-16.000000000000007,1.4532500000000002
150M,101,replay10,True,68.0,74.0,-6.0,1.4598
150M,101,replay5_lr0.3,False,48.0,74.0,-26.0,1.3917
150M,101,replay5_lr0.3,True,72.0,74.0,-2.0,1.4825
150M,101,replay5_T0.3,False,68.0,74.0,-6.0,1.4482
150M,101,replay5_T0.3,True,88.0,74.0,14.0,1.4825
650M,101,baseline,False,57.99999999999999,46.0,11.999999999999993,1.4598
650M,101,baseline,True,54.0,46.0,8.0,1.4532500000000002
650M,101,lr0.03,False,46.0,46.0,0.0,1.3925999999999998
650M,101,lr0.03,True,64.0,46.0,18.0,1.4598
650M,101,lr0.3,False,36.0,46.0,-10.0,1.37745
650M,101,lr0.3,True,34.0,46.0,-12.0,1.3943
650M,101,lr1.0,False,38.0,46.0,-8.0,1.33865
650M,101,lr1.0,True,60.0,46.0,14.0,1.5657
650M,101,T0.03,False,36.0,46.0,-10.0,1.33615
650M,101,T0.03,True,10.0,46.0,-36.0,1.27925
650M,101,T0.3,False,46.0,46.0,0.0,1.3881999999999999
650M,101,T0.3,True,68.0,46.0,22.0,1.4627
650M,101,abs_lr0.1,False,16.0,46.0,-30.0,1.2497500000000001
650M,101,abs_lr0.1,True,62.0,46.0,16.0,1.4825
650M,101,abs_lr0.3,False,18.0,46.0,-28.0,1.1961
650M,101,abs_lr0.3,True,80.0,46.0,34.0,1.4825
650M,101,abs_lr1.0,False,14.000000000000002,46.0,-32.0,1.2199
650M,101,abs_lr1.0,True,62.0,46.0,16.0,1.4825
650M,101,replay2,False,46.0,46.0,0.0,1.39715
650M,101,replay2,True,44.0,46.0,-2.0,1.3812000000000002
650M,101,replay5,False,52.0,46.0,6.0,1.44745
650M,101,replay5,True,42.0,46.0,-4.0,1.3943
650M,101,replay10,False,30.0,46.0,-16.0,1.27545
650M,101,replay10,True,60.0,46.0,14.0,1.4825
650M,101,replay5_lr0.3,False,42.0,46.0,-4.0,1.4019
650M,101,replay5_lr0.3,True,88.0,46.0,42.0,1.7029
650M,101,replay5_T0.3,False,44.0,46.0,-2.0,1.4
650M,101,replay5_T0.3,True,64.0,46.0,18.0,1.47115
8M,102,baseline,False,54.0,60.0,-6.0,1.4598
8M,102,baseline,True,62.0,60.0,2.0,1.7029
8M,102,lr0.03,False,62.0,60.0,2.0,1.4598
8M,102,lr0.03,True,52.0,60.0,-8.0,1.4598
8M,102,lr0.3,False,42.0,60.0,-18.0,1.3659
8M,102,lr0.3,True,66.0,60.0,6.0,1.7029
8M,102,lr1.0,False,24.0,60.0,-36.0,1.3117
8M,102,lr1.0,True,54.0,60.0,-6.0,1.4598
8M,102,T0.03,False,42.0,60.0,-18.0,1.39715
8M,102,T0.03,True,42.0,60.0,-18.0,1.4038
8M,102,T0.3,False,62.0,60.0,2.0,1.4825
8M,102,T0.3,True,60.0,60.0,0.0,1.5616
8M,102,abs_lr0.1,False,34.0,60.0,-26.0,1.3117
8M,102,abs_lr0.1,True,70.0,60.0,10.0,1.58135
8M,102,abs_lr0.3,False,44.0,60.0,-16.0,1.3251
8M,102,abs_lr0.3,True,56.00000000000001,60.0,-3.999999999999993,1.4482
8M,102,abs_lr1.0,False,22.0,60.0,-38.0,1.3091
8M,102,abs_lr1.0,True,42.0,60.0,-18.0,1.4038
8M,102,replay2,False,44.0,60.0,-16.0,1.3659
8M,102,replay2,True,54.0,60.0,-6.0,1.432
8M,102,replay5,False,34.0,60.0,-26.0,1.33565
8M,102,replay5,True,44.0,60.0,-16.0,1.35215
8M,102,replay10,False,44.0,60.0,-16.0,1.367
8M,102,replay10,True,56.00000000000001,60.0,-3.999999999999993,1.4761
8M,102,replay5_lr0.3,False,42.0,60.0,-18.0,1.31475
8M,102,replay5_lr0.3,True,54.0,60.0,-6.0,1.4697
8M,102,replay5_T0.3,False,56.00000000000001,60.0,-3.999999999999993,1.4684
8M,102,replay5_T0.3,True,60.0,60.0,0.0,1.7029
150M,102,baseline,False,74.0,70.0,4.0,1.4627
150M,102,baseline,True,92.0,70.0,22.0,1.7029
150M,102,lr0.03,False,72.0,70.0,2.0,1.4825
150M,102,lr0.03,True,57.99999999999999,70.0,-12.000000000000007,1.44745
150M,102,lr0.3,False,72.0,70.0,2.0,1.4825
150M,102,lr0.3,True,70.0,70.0,0.0,1.5477
150M,102,lr1.0,False,56.00000000000001,70.0,-13.999999999999993,1.4467
150M,102,lr1.0,True,66.0,70.0,-4.0,1.454
150M,102,T0.03,False,60.0,70.0,-10.0,1.454
150M,102,T0.03,True,44.0,70.0,-26.0,1.2953
150M,102,T0.3,False,66.0,70.0,-4.0,1.47115
150M,102,T0.3,True,74.0,70.0,4.0,1.4825
150M,102,abs_lr0.1,False,42.0,70.0,-28.0,1.3336999999999999
150M,102,abs_lr0.1,True,84.0,70.0,14.0,1.4598
150M,102,abs_lr0.3,False,30.0,70.0,-40.0,1.2978
150M,102,abs_lr0.3,True,82.0,70.0,12.0,1.4598
150M,102,abs_lr1.0,False,22.0,70.0,-48.0,1.2848
150M,102,abs_lr1.0,True,90.0,70.0,20.0,1.4598
150M,102,replay2,False,64.0,70.0,-6.0,1.4627
150M,102,replay2,True,78.0,70.0,8.0,1.4598
150M,102,replay5,False,54.0,70.0,-16.0,1.4193500000000001
150M,102,replay5,True,70.0,70.0,0.0,1.4627
150M,102,replay10,False,56.00000000000001,70.0,-13.999999999999993,1.44745
150M,102,replay10,True,84.0,70.0,14.0,1.5424
150M,102,replay5_lr0.3,False,48.0,70.0,-22.0,1.4047
150M,102,replay5_lr0.3,True,62.0,70.0,-8.0,1.4598
150M,102,replay5_T0.3,False,68.0,70.0,-2.0,1.47115
150M,102,replay5_T0.3,True,82.0,70.0,12.0,1.4825
650M,102,baseline,False,52.0,57.99999999999999,-5.999999999999993,1.41825
650M,102,baseline,True,62.0,57.99999999999999,4.000000000000007,1.4598
650M,102,lr0.03,False,57.99999999999999,57.99999999999999,0.0,1.47115
650M,102,lr0.03,True,56.00000000000001,57.99999999999999,-1.9999999999999858,1.4598
650M,102,lr0.3,False,36.0,57.99999999999999,-21.999999999999993,1.3943
650M,102,lr0.3,True,40.0,57.99999999999999,-17.999999999999993,1.4
650M,102,lr1.0,False,36.0,57.99999999999999,-21.999999999999993,1.32225
650M,102,lr1.0,True,30.0,57.99999999999999,-27.999999999999993,1.3943
650M,102,T0.03,False,40.0,57.99999999999999,-17.999999999999993,1.3766500000000002
650M,102,T0.03,True,32.0,57.99999999999999,-25.999999999999993,1.3681
650M,102,T0.3,False,62.0,57.99999999999999,4.000000000000007,1.47405
650M,102,T0.3,True,72.0,57.99999999999999,14.000000000000007,1.4825
650M,102,abs_lr0.1,False,18.0,57.99999999999999,-39.99999999999999,1.3026
650M,102,abs_lr0.1,True,44.0,57.99999999999999,-13.999999999999993,1.3681
650M,102,abs_lr0.3,False,18.0,57.99999999999999,-39.99999999999999,1.2763
650M,102,abs_lr0.3,True,40.0,57.99999999999999,-17.999999999999993,1.3681
650M,102,abs_lr1.0,False,16.0,57.99999999999999,-41.99999999999999,1.26495
650M,102,abs_lr1.0,True,42.0,57.99999999999999,-15.999999999999993,1.3943
650M,102,replay2,False,52.0,57.99999999999999,-5.999999999999993,1.454
650M,102,replay2,True,34.0,57.99999999999999,-23.999999999999993,1.3868
650M,102,replay5,False,48.0,57.99999999999999,-9.999999999999993,1.4047999999999998
650M,102,replay5,True,62.0,57.99999999999999,4.000000000000007,1.4825
650M,102,replay10,False,50.0,57.99999999999999,-7.999999999999993,1.4135499999999999
650M,102,replay10,True,42.0,57.99999999999999,-15.999999999999993,1.4
650M,102,replay5_lr0.3,False,40.0,57.99999999999999,-17.999999999999993,1.3905500000000002
650M,102,replay5_lr0.3,True,68.0,57.99999999999999,10.000000000000007,1.6161
650M,102,replay5_T0.3,False,62.0,57.99999999999999,4.000000000000007,1.4656
650M,102,replay5_T0.3,True,78.0,57.99999999999999,20.000000000000007,1.5424
8M,103,baseline,False,48.0,44.0,4.0,1.4047999999999998
8M,103,baseline,True,57.99999999999999,44.0,13.999999999999993,1.4598
8M,103,lr0.03,False,56.00000000000001,44.0,12.000000000000007,1.4532500000000002
8M,103,lr0.03,True,38.0,44.0,-6.0,1.3091
8M,103,lr0.3,False,54.0,44.0,10.0,1.454
8M,103,lr0.3,True,44.0,44.0,0.0,1.36065
8M,103,lr1.0,False,42.0,44.0,-2.0,1.3235999999999999
8M,103,lr1.0,True,50.0,44.0,6.0,1.4212500000000001
8M,103,T0.03,False,60.0,44.0,16.0,1.4598
8M,103,T0.03,True,38.0,44.0,-6.0,1.3681
8M,103,T0.3,False,57.99999999999999,44.0,13.999999999999993,1.4598
8M,103,T0.3,True,57.99999999999999,44.0,13.999999999999993,1.7029
8M,103,abs_lr0.1,False,40.0,44.0,-4.0,1.3166
8M,103,abs_lr0.1,True,78.0,44.0,34.0,1.7029
8M,103,abs_lr0.3,False,34.0,44.0,-10.0,1.3124
8M,103,abs_lr0.3,True,42.0,44.0,-2.0,1.3164
8M,103,abs_lr1.0,False,34.0,44.0,-10.0,1.26715
8M,103,abs_lr1.0,True,48.0,44.0,4.0,1.3776
8M,103,replay2,False,52.0,44.0,8.0,1.4467
8M,103,replay2,True,62.0,44.0,18.0,1.7029
8M,103,replay5,False,54.0,44.0,10.0,1.4598
8M,103,replay5,True,38.0,44.0,-6.0,1.3044
8M,103,replay10,False,46.0,44.0,2.0,1.3824999999999998
8M,103,replay10,True,57.99999999999999,44.0,13.999999999999993,1.46475
8M,103,replay5_lr0.3,False,34.0,44.0,-10.0,1.3342
8M,103,replay5_lr0.3,True,54.0,44.0,10.0,1.4598
8M,103,replay5_T0.3,False,54.0,44.0,10.0,1.4401
8M,103,replay5_T0.3,True,60.0,44.0,16.0,1.55465
150M,103,baseline,False,74.0,66.0,8.0,1.4825
150M,103,baseline,True,82.0,66.0,16.0,1.4598
150M,103,lr0.03,False,60.0,66.0,-6.0,1.47115
150M,103,lr0.03,True,60.0,66.0,-6.0,1.4598
150M,103,lr0.3,False,60.0,66.0,-6.0,1.4598
150M,103,lr0.3,True,78.0,66.0,12.0,1.4598
150M,103,lr1.0,False,46.0,66.0,-20.0,1.4
150M,103,lr1.0,True,66.0,66.0,0.0,1.4598
150M,103,T0.03,False,46.0,66.0,-20.0,1.39465
150M,103,T0.03,True,62.0,66.0,-4.0,1.4482
150M,103,T0.3,False,60.0,66.0,-6.0,1.4598
150M,103,T0.3,True,70.0,66.0,4.0,1.4598
150M,103,abs_lr0.1,False,38.0,66.0,-28.0,1.3681
150M,103,abs_lr0.1,True,42.0,66.0,-24.0,1.3334
150M,103,abs_lr0.3,False,28.000000000000004,66.0,-38.0,1.2701
150M,103,abs_lr0.3,True,60.0,66.0,-6.0,1.432
150M,103,abs_lr1.0,False,20.0,66.0,-46.0,1.26685
150M,103,abs_lr1.0,True,76.0,66.0,10.0,1.5477
150M,103,replay2,False,62.0,66.0,-4.0,1.4598
150M,103,replay2,True,86.0,66.0,20.0,1.4598
150M,103,replay5,False,60.0,66.0,-6.0,1.45685
150M,103,replay5,True,90.0,66.0,24.0,1.4598
150M,103,replay10,False,57.99999999999999,66.0,-8.000000000000007,1.4482
150M,103,replay10,True,86.0,66.0,20.0,1.5477
150M,103,replay5_lr0.3,False,54.0,66.0,-12.0,1.454
150M,103,replay5_lr0.3,True,86.0,66.0,20.0,1.5477
150M,103,replay5_T0.3,False,62.0,66.0,-4.0,1.454
150M,103,replay5_T0.3,True,66.0,66.0,0.0,1.4825
650M,103,baseline,False,60.0,52.0,8.0,1.4598
650M,103,baseline,True,64.0,52.0,12.0,1.5424
650M,103,lr0.03,False,60.0,52.0,8.0,1.4598
650M,103,lr0.03,True,66.0,52.0,14.0,1.5909
650M,103,lr0.3,False,56.00000000000001,52.0,4.000000000000007,1.4598
650M,103,lr0.3,True,80.0,52.0,28.0,1.6595
650M,103,lr1.0,False,50.0,52.0,-2.0,1.42705
650M,103,lr1.0,True,50.0,52.0,-2.0,1.4318
650M,103,T0.03,False,48.0,52.0,-4.0,1.3905500000000002
650M,103,T0.03,True,20.0,52.0,-32.0,1.3681
650M,103,T0.3,False,48.0,52.0,-4.0,1.4047
650M,103,T0.3,True,64.0,52.0,12.0,1.4825
650M,103,abs_lr0.1,False,16.0,52.0,-36.0,1.2896
650M,103,abs_lr0.1,True,8.0,52.0,-44.0,1.3451
650M,103,abs_lr0.3,False,16.0,52.0,-36.0,1.2803499999999999
650M,103,abs_lr0.3,True,10.0,52.0,-42.0,1.3026
650M,103,abs_lr1.0,False,24.0,52.0,-28.0,1.27925
650M,103,abs_lr1.0,True,44.0,52.0,-8.0,1.3943
650M,103,replay2,False,60.0,52.0,8.0,1.4598
650M,103,replay2,True,80.0,52.0,28.0,1.6161
650M,103,replay5,False,56.00000000000001,52.0,4.000000000000007,1.4598
650M,103,replay5,True,74.0,52.0,22.0,1.4825
650M,103,replay10,False,44.0,52.0,-8.0,1.3404
650M,103,replay10,True,48.0,52.0,-4.0,1.40965
650M,103,replay5_lr0.3,False,38.0,52.0,-14.0,1.3681
650M,103,replay5_lr0.3,True,36.0,52.0,-16.0,1.3943
650M,103,replay5_T0.3,False,70.0,52.0,18.0,1.5151
650M,103,replay5_T0.3,True,72.0,52.0,20.0,1.58805
8M,104,baseline,False,64.0,56.00000000000001,7.999999999999993,1.4825
8M,104,baseline,True,56.00000000000001,56.00000000000001,0.0,1.4598
8M,104,lr0.03,False,56.00000000000001,56.00000000000001,0.0,1.4598
8M,104,lr0.03,True,64.0,56.00000000000001,7.999999999999993,1.4598
8M,104,lr0.3,False,57.99999999999999,56.00000000000001,1.9999999999999858,1.4598
8M,104,lr0.3,True,54.0,56.00000000000001,-2.000000000000007,1.4598
8M,104,lr1.0,False,50.0,56.00000000000001,-6.000000000000007,1.4094
8M,104,lr1.0,True,68.0,56.00000000000001,11.999999999999993,1.7029
8M,104,T0.03,False,56.00000000000001,56.00000000000001,0.0,1.4598
8M,104,T0.03,True,64.0,56.00000000000001,7.999999999999993,1.7029
8M,104,T0.3,False,56.00000000000001,56.00000000000001,0.0,1.4598
8M,104,T0.3,True,76.0,56.00000000000001,19.999999999999993,1.7029
8M,104,abs_lr0.1,False,46.0,56.00000000000001,-10.000000000000007,1.3206
8M,104,abs_lr0.1,True,68.0,56.00000000000001,11.999999999999993,1.7029
8M,104,abs_lr0.3,False,38.0,56.00000000000001,-18.000000000000007,1.3117
8M,104,abs_lr0.3,True,66.0,56.00000000000001,9.999999999999993,1.58135
8M,104,abs_lr1.0,False,34.0,56.00000000000001,-22.000000000000007,1.3026
8M,104,abs_lr1.0,True,56.00000000000001,56.00000000000001,0.0,1.4598
8M,104,replay2,False,57.99999999999999,56.00000000000001,1.9999999999999858,1.47115
8M,104,replay2,True,50.0,56.00000000000001,-6.000000000000007,1.4039
8M,104,replay5,False,46.0,56.00000000000001,-10.000000000000007,1.367
8M,104,replay5,True,66.0,56.00000000000001,9.999999999999993,1.7029
8M,104,replay10,False,52.0,56.00000000000001,-4.000000000000007,1.42845
8M,104,replay10,True,64.0,56.00000000000001,7.999999999999993,1.4598
8M,104,replay5_lr0.3,False,46.0,56.00000000000001,-10.000000000000007,1.4003999999999999
8M,104,replay5_lr0.3,True,56.00000000000001,56.00000000000001,0.0,1.4598
8M,104,replay5_T0.3,False,52.0,56.00000000000001,-4.000000000000007,1.4401
8M,104,replay5_T0.3,True,70.0,56.00000000000001,13.999999999999993,1.7029
150M,104,baseline,False,66.0,64.0,2.0,1.4825
150M,104,baseline,True,78.0,64.0,14.0,1.4598
150M,104,lr0.03,False,68.0,64.0,4.0,1.46475
150M,104,lr0.03,True,72.0,64.0,8.0,1.4825
150M,104,lr0.3,False,57.99999999999999,64.0,-6.000000000000007,1.454
150M,104,lr0.3,True,84.0,64.0,20.0,1.4598
150M,104,lr1.0,False,57.99999999999999,64.0,-6.000000000000007,1.44745
150M,104,lr1.0,True,80.0,64.0,16.0,1.4825
150M,104,T0.03,False,56.00000000000001,64.0,-7.999999999999993,1.454
150M,104,T0.03,True,57.99999999999999,64.0,-6.000000000000007,1.4825
150M,104,T0.3,False,66.0,64.0,2.0,1.4697
150M,104,T0.3,True,76.0,64.0,12.0,1.4825
150M,104,abs_lr0.1,False,38.0,64.0,-26.0,1.3052
150M,104,abs_lr0.1,True,70.0,64.0,6.0,1.4598
150M,104,abs_lr0.3,False,32.0,64.0,-32.0,1.3516
150M,104,abs_lr0.3,True,72.0,64.0,8.0,1.4598
150M,104,abs_lr1.0,False,14.000000000000002,64.0,-50.0,1.2729
150M,104,abs_lr1.0,True,66.0,64.0,2.0,1.4598
150M,104,replay2,False,64.0,64.0,0.0,1.454
150M,104,replay2,True,88.0,64.0,24.0,1.5477
150M,104,replay5,False,54.0,64.0,-10.0,1.4467
150M,104,replay5,True,82.0,64.0,18.0,1.4825
150M,104,replay10,False,40.0,64.0,-24.0,1.3554
150M,104,replay10,True,66.0,64.0,2.0,1.4598
150M,104,replay5_lr0.3,False,56.00000000000001,64.0,-7.999999999999993,1.4482
150M,104,replay5_lr0.3,True,70.0,64.0,6.0,1.4598
150M,104,replay5_T0.3,False,60.0,64.0,-4.0,1.454
150M,104,replay5_T0.3,True,84.0,64.0,20.0,1.4825
650M,104,baseline,False,60.0,54.0,6.0,1.4598
650M,104,baseline,True,70.0,54.0,16.0,1.4825
650M,104,lr0.03,False,57.99999999999999,54.0,3.999999999999993,1.4598
650M,104,lr0.03,True,57.99999999999999,54.0,3.999999999999993,1.4598
650M,104,lr0.3,False,52.0,54.0,-2.0,1.454
650M,104,lr0.3,True,68.0,54.0,14.0,1.7029
650M,104,lr1.0,False,42.0,54.0,-12.0,1.39715
650M,104,lr1.0,True,72.0,54.0,18.0,1.7029
650M,104,T0.03,False,42.0,54.0,-12.0,1.3659
650M,104,T0.03,True,22.0,54.0,-32.0,1.3824999999999998
650M,104,T0.3,False,48.0,54.0,-6.0,1.39715
650M,104,T0.3,True,60.0,54.0,6.0,1.4598
650M,104,abs_lr0.1,False,20.0,54.0,-34.0,1.2691
650M,104,abs_lr0.1,True,48.0,54.0,-6.0,1.40195
650M,104,abs_lr0.3,False,26.0,54.0,-28.0,1.2808
650M,104,abs_lr0.3,True,66.0,54.0,12.0,1.4598
650M,104,abs_lr1.0,False,16.0,54.0,-38.0,1.2739
650M,104,abs_lr1.0,True,62.0,54.0,8.0,1.47115
650M,104,replay2,False,38.0,54.0,-16.0,1.367
650M,104,replay2,True,68.0,54.0,14.0,1.4598
650M,104,replay5,False,46.0,54.0,-8.0,1.3912
650M,104,replay5,True,76.0,54.0,22.0,1.7029
650M,104,replay10,False,50.0,54.0,-4.0,1.4233500000000001
650M,104,replay10,True,24.0,54.0,-30.0,1.3943
650M,104,replay5_lr0.3,False,48.0,54.0,-6.0,1.40235
650M,104,replay5_lr0.3,True,60.0,54.0,6.0,1.4825
650M,104,replay5_T0.3,False,62.0,54.0,8.0,1.47115
650M,104,replay5_T0.3,True,80.0,54.0,26.0,1.6595
