heldout,seed,arm,top1,top10,median_best,zeroshot_rho
BLAT_ECOLX_Firnberg_2014,1,random,48.0,86.0,0.8945500497341694,
BLAT_ECOLX_Firnberg_2014,1,chemotaxis,70.0,96.0,1.1962587047209168,
BLAT_ECOLX_Firnberg_2014,1,zero,54.0,86.0,0.9409166177435324,
BLAT_ECOLX_Firnberg_2014,1,zero_mem,66.0,96.0,1.1962587047209168,
BLAT_ECOLX_Firnberg_2014,1,pre,28.000000000000004,76.0,0.7623676913021654,0.05359074914176743
BLAT_ECOLX_Firnberg_2014,1,pre_mem,52.0,74.0,0.9966066815115344,
BLAT_ECOLX_Firnberg_2014,1,pre_frozen,26.0,72.0,0.7623676913021654,
BLAT_ECOLX_Firnberg_2014,1,shuf_pre,26.0,84.0,0.775951889994735,-0.04410239123502357
BLAT_ECOLX_Firnberg_2014,1,shuf_pre_mem,56.00000000000001,82.0,0.9525458754492364,
BLAT_ECOLX_Firnberg_2014,1,pre_a0.1,50.0,88.0,0.9215679843058553,
BLAT_ECOLX_Firnberg_2014,1,pre_a0.3,38.0,84.0,0.8109899466606294,
BLAT_ECOLX_Firnberg_2014,1,pre_mem_a0.1,54.0,90.0,0.962470804177456,
BLAT_ECOLX_Firnberg_2014,1,pre_mem_a0.3,74.0,96.0,1.1962587047209168,
DYR_ECOLI_Nguyen_2023,1,random,20.0,84.0,0.3088295659155625,
DYR_ECOLI_Nguyen_2023,1,chemotaxis,60.0,90.0,0.3403003338576289,
DYR_ECOLI_Nguyen_2023,1,zero,22.0,88.0,0.2930942757342569,
DYR_ECOLI_Nguyen_2023,1,zero_mem,38.0,86.0,0.32456504367632333,
DYR_ECOLI_Nguyen_2023,1,pre,18.0,84.0,0.32456504367632333,0.0003617855446316716
DYR_ECOLI_Nguyen_2023,1,pre_mem,42.0,84.0,0.32456504367632333,
DYR_ECOLI_Nguyen_2023,1,pre_frozen,20.0,88.0,0.32456504367632333,
DYR_ECOLI_Nguyen_2023,1,shuf_pre,28.000000000000004,86.0,0.32456504367632333,0.04545960775507659
DYR_ECOLI_Nguyen_2023,1,shuf_pre_mem,18.0,84.0,0.32456504367632333,
DYR_ECOLI_Nguyen_2023,1,pre_a0.1,32.0,86.0,0.32456504367632333,
DYR_ECOLI_Nguyen_2023,1,pre_a0.3,30.0,86.0,0.32456504367632333,
DYR_ECOLI_Nguyen_2023,1,pre_mem_a0.1,22.0,82.0,0.32456504367632333,
DYR_ECOLI_Nguyen_2023,1,pre_mem_a0.3,22.0,84.0,0.32456504367632333,
RASH_HUMAN_Bandaru_2017,1,random,30.0,98.0,0.8146221814615745,
RASH_HUMAN_Bandaru_2017,1,chemotaxis,72.0,100.0,1.3833056546213598,
RASH_HUMAN_Bandaru_2017,1,zero,36.0,100.0,0.8146221814615745,
RASH_HUMAN_Bandaru_2017,1,zero_mem,26.0,96.0,0.8146221814615745,
RASH_HUMAN_Bandaru_2017,1,pre,24.0,96.0,0.7216085171856846,0.09005861458941773
RASH_HUMAN_Bandaru_2017,1,pre_mem,30.0,98.0,0.7618758081702802,
RASH_HUMAN_Bandaru_2017,1,pre_frozen,34.0,94.0,0.7076458442756721,
RASH_HUMAN_Bandaru_2017,1,shuf_pre,16.0,57.99999999999999,0.5364900093755808,-0.05244280256233079
RASH_HUMAN_Bandaru_2017,1,shuf_pre_mem,22.0,80.0,0.6382687649313186,
RASH_HUMAN_Bandaru_2017,1,pre_a0.1,26.0,92.0,0.8146221814615745,
RASH_HUMAN_Bandaru_2017,1,pre_a0.3,34.0,96.0,0.7594111170686794,
RASH_HUMAN_Bandaru_2017,1,pre_mem_a0.1,26.0,98.0,0.8146221814615745,
RASH_HUMAN_Bandaru_2017,1,pre_mem_a0.3,40.0,100.0,0.8146221814615745,
UBC9_HUMAN_Weile_2017,1,random,26.0,96.0,0.9317286122645924,
UBC9_HUMAN_Weile_2017,1,chemotaxis,76.0,100.0,1.2135438188591277,
UBC9_HUMAN_Weile_2017,1,zero,22.0,100.0,0.8485182827838297,
UBC9_HUMAN_Weile_2017,1,zero_mem,26.0,98.0,0.8075525802028167,
UBC9_HUMAN_Weile_2017,1,pre,12.0,96.0,1.0103430864899468,0.12906224241774344
UBC9_HUMAN_Weile_2017,1,pre_mem,14.000000000000002,92.0,1.0103430864899468,
UBC9_HUMAN_Weile_2017,1,pre_frozen,8.0,90.0,1.0103430864899468,
UBC9_HUMAN_Weile_2017,1,shuf_pre,20.0,100.0,0.7820565478183502,-0.03302407290016697
UBC9_HUMAN_Weile_2017,1,shuf_pre_mem,18.0,94.0,0.7820565478183502,
UBC9_HUMAN_Weile_2017,1,pre_a0.1,20.0,98.0,0.9540028074206691,
UBC9_HUMAN_Weile_2017,1,pre_a0.3,18.0,98.0,0.8823553995498834,
UBC9_HUMAN_Weile_2017,1,pre_mem_a0.1,26.0,94.0,0.8281238557333772,
UBC9_HUMAN_Weile_2017,1,pre_mem_a0.3,40.0,96.0,1.1820732875933015,
NUD15_HUMAN_Suiter_2020,1,random,60.0,100.0,0.7384800733368787,
NUD15_HUMAN_Suiter_2020,1,chemotaxis,74.0,100.0,0.8815633080559796,
NUD15_HUMAN_Suiter_2020,1,zero,57.99999999999999,96.0,0.7384800733368787,
NUD15_HUMAN_Suiter_2020,1,zero_mem,57.99999999999999,90.0,0.8815633080559796,
NUD15_HUMAN_Suiter_2020,1,pre,6.0,80.0,0.6216589822982334,0.06090112859541622
NUD15_HUMAN_Suiter_2020,1,pre_mem,12.0,96.0,0.6269063436236617,
NUD15_HUMAN_Suiter_2020,1,pre_frozen,2.0,70.0,0.6080249843457866,
NUD15_HUMAN_Suiter_2020,1,shuf_pre,18.0,90.0,0.6453060109675208,0.08787106515918862
NUD15_HUMAN_Suiter_2020,1,shuf_pre_mem,6.0,98.0,0.6269063436236617,
NUD15_HUMAN_Suiter_2020,1,pre_a0.1,60.0,98.0,0.7384800733368787,
NUD15_HUMAN_Suiter_2020,1,pre_a0.3,46.0,100.0,0.7122971079480279,
NUD15_HUMAN_Suiter_2020,1,pre_mem_a0.1,36.0,92.0,0.6755955224603087,
NUD15_HUMAN_Suiter_2020,1,pre_mem_a0.3,46.0,100.0,0.6931946972760459,
TPK1_HUMAN_Weile_2017,1,random,32.0,96.0,1.1120218492861096,
TPK1_HUMAN_Weile_2017,1,chemotaxis,62.0,98.0,1.2784601875357708,
TPK1_HUMAN_Weile_2017,1,zero,40.0,98.0,1.1215786707308542,
TPK1_HUMAN_Weile_2017,1,zero_mem,18.0,86.0,0.8942926945275431,
TPK1_HUMAN_Weile_2017,1,pre,10.0,92.0,0.8942926945275431,0.037488728179599536
TPK1_HUMAN_Weile_2017,1,pre_mem,12.0,88.0,0.8942926945275431,
TPK1_HUMAN_Weile_2017,1,pre_frozen,22.0,96.0,0.9847654415762396,
TPK1_HUMAN_Weile_2017,1,shuf_pre,24.0,82.0,0.9612134080849144,0.031154491576825843
TPK1_HUMAN_Weile_2017,1,shuf_pre_mem,20.0,86.0,1.0619602820577572,
TPK1_HUMAN_Weile_2017,1,pre_a0.1,36.0,100.0,1.117969431681837,
TPK1_HUMAN_Weile_2017,1,pre_a0.3,26.0,96.0,1.0676817551020021,
TPK1_HUMAN_Weile_2017,1,pre_mem_a0.1,26.0,92.0,0.9978249436317527,
TPK1_HUMAN_Weile_2017,1,pre_mem_a0.3,6.0,84.0,0.8942926945275431,
MLAC_ECOLI_MacRae_2023,1,random,42.0,90.0,0.5422386692774637,
MLAC_ECOLI_MacRae_2023,1,chemotaxis,72.0,98.0,0.5646688996089345,
MLAC_ECOLI_MacRae_2023,1,zero,46.0,96.0,0.5430641545301669,
MLAC_ECOLI_MacRae_2023,1,zero_mem,70.0,94.0,0.5646688996089345,
MLAC_ECOLI_MacRae_2023,1,pre,14.000000000000002,92.0,0.48941429334974285,0.02107894390295805
MLAC_ECOLI_MacRae_2023,1,pre_mem,32.0,94.0,0.5378267806089628,
MLAC_ECOLI_MacRae_2023,1,pre_frozen,6.0,94.0,0.4731123639494272,
MLAC_ECOLI_MacRae_2023,1,shuf_pre,10.0,90.0,0.5260800442320345,-0.01635569113527417
MLAC_ECOLI_MacRae_2023,1,shuf_pre_mem,28.000000000000004,86.0,0.5368287796905074,
MLAC_ECOLI_MacRae_2023,1,pre_a0.1,42.0,94.0,0.539629265855277,
MLAC_ECOLI_MacRae_2023,1,pre_a0.3,40.0,94.0,0.5401548332546381,
MLAC_ECOLI_MacRae_2023,1,pre_mem_a0.1,46.0,96.0,0.5430641545301669,
MLAC_ECOLI_MacRae_2023,1,pre_mem_a0.3,32.0,86.0,0.532124870337958,
KKA2_KLEPN_Melnikov_2014,1,random,62.0,96.0,1.3360242408453484,
KKA2_KLEPN_Melnikov_2014,1,chemotaxis,92.0,100.0,1.381368149420613,
KKA2_KLEPN_Melnikov_2014,1,zero,56.00000000000001,96.0,1.2771132640205898,
KKA2_KLEPN_Melnikov_2014,1,zero_mem,44.0,96.0,1.1688543627041568,
KKA2_KLEPN_Melnikov_2014,1,pre,26.0,88.0,0.9261770853414287,0.05491654410995214
KKA2_KLEPN_Melnikov_2014,1,pre_mem,20.0,84.0,1.0002452923095078,
KKA2_KLEPN_Melnikov_2014,1,pre_frozen,30.0,88.0,1.0508465747245959,
KKA2_KLEPN_Melnikov_2014,1,shuf_pre,48.0,92.0,1.1688543627041568,0.043408029367427346
KKA2_KLEPN_Melnikov_2014,1,shuf_pre_mem,32.0,90.0,1.0692766030943723,
KKA2_KLEPN_Melnikov_2014,1,pre_a0.1,62.0,94.0,1.2789701684608152,
KKA2_KLEPN_Melnikov_2014,1,pre_a0.3,48.0,96.0,1.127038650042409,
KKA2_KLEPN_Melnikov_2014,1,pre_mem_a0.1,24.0,94.0,0.986411204809728,
KKA2_KLEPN_Melnikov_2014,1,pre_mem_a0.3,28.000000000000004,90.0,1.0115493101544555,
TPMT_HUMAN_Matreyek_2018,1,random,57.99999999999999,90.0,0.8838753707967041,
TPMT_HUMAN_Matreyek_2018,1,chemotaxis,92.0,94.0,0.9659741732384908,
TPMT_HUMAN_Matreyek_2018,1,zero,54.0,88.0,0.8838753707967041,
TPMT_HUMAN_Matreyek_2018,1,zero_mem,60.0,90.0,0.9391215480142531,
TPMT_HUMAN_Matreyek_2018,1,pre,82.0,94.0,0.8838753707967041,0.1282927518194287
TPMT_HUMAN_Matreyek_2018,1,pre_mem,60.0,94.0,0.8838753707967041,
TPMT_HUMAN_Matreyek_2018,1,pre_frozen,94.0,96.0,0.8838753707967041,
TPMT_HUMAN_Matreyek_2018,1,shuf_pre,38.0,88.0,0.7294128835450997,-0.010239839400851143
TPMT_HUMAN_Matreyek_2018,1,shuf_pre_mem,22.0,86.0,0.6878604858944171,
TPMT_HUMAN_Matreyek_2018,1,pre_a0.1,70.0,88.0,0.9618355892843518,
TPMT_HUMAN_Matreyek_2018,1,pre_a0.3,80.0,88.0,0.9465703800127112,
TPMT_HUMAN_Matreyek_2018,1,pre_mem_a0.1,60.0,88.0,0.8838753707967041,
TPMT_HUMAN_Matreyek_2018,1,pre_mem_a0.3,70.0,90.0,0.8838753707967041,
RNC_ECOLI_Weeks_2023,1,random,14.000000000000002,96.0,0.3274379937561512,
RNC_ECOLI_Weeks_2023,1,chemotaxis,60.0,100.0,0.3557198242510302,
RNC_ECOLI_Weeks_2023,1,zero,20.0,98.0,0.32687816413978454,
RNC_ECOLI_Weeks_2023,1,zero_mem,12.0,100.0,0.3274379937561512,
RNC_ECOLI_Weeks_2023,1,pre,12.0,100.0,0.3258713171902842,0.06595229232076705
RNC_ECOLI_Weeks_2023,1,pre_mem,22.0,96.0,0.32687816413978454,
RNC_ECOLI_Weeks_2023,1,pre_frozen,8.0,100.0,0.32761036460401505,
RNC_ECOLI_Weeks_2023,1,shuf_pre,56.00000000000001,98.0,0.3540593302906456,0.014854414821681898
RNC_ECOLI_Weeks_2023,1,shuf_pre_mem,16.0,84.0,0.320432983058997,
RNC_ECOLI_Weeks_2023,1,pre_a0.1,14.000000000000002,98.0,0.3274379937561512,
RNC_ECOLI_Weeks_2023,1,pre_a0.3,14.000000000000002,96.0,0.3258713171902842,
RNC_ECOLI_Weeks_2023,1,pre_mem_a0.1,6.0,100.0,0.32446558293447125,
RNC_ECOLI_Weeks_2023,1,pre_mem_a0.3,4.0,100.0,0.3202853494914735,
BLAT_ECOLX_Firnberg_2014,2,random,60.0,84.0,0.9575083398133462,
BLAT_ECOLX_Firnberg_2014,2,chemotaxis,80.0,88.0,1.1463331354529127,
BLAT_ECOLX_Firnberg_2014,2,zero,60.0,84.0,0.9525458754492364,
BLAT_ECOLX_Firnberg_2014,2,zero_mem,66.0,78.0,1.1962587047209168,
BLAT_ECOLX_Firnberg_2014,2,pre,12.0,88.0,0.7993105546020711,0.08464882277120765
BLAT_ECOLX_Firnberg_2014,2,pre_mem,70.0,88.0,1.1962587047209168,
BLAT_ECOLX_Firnberg_2014,2,pre_frozen,10.0,80.0,0.7958518818040285,
BLAT_ECOLX_Firnberg_2014,2,shuf_pre,26.0,82.0,0.7967039865378805,-0.015530500470535136
BLAT_ECOLX_Firnberg_2014,2,shuf_pre_mem,46.0,80.0,0.8778581187135372,
BLAT_ECOLX_Firnberg_2014,2,pre_a0.1,64.0,86.0,1.1962587047209168,
BLAT_ECOLX_Firnberg_2014,2,pre_a0.3,54.0,86.0,0.9639244613906691,
BLAT_ECOLX_Firnberg_2014,2,pre_mem_a0.1,66.0,86.0,1.1962587047209168,
BLAT_ECOLX_Firnberg_2014,2,pre_mem_a0.3,78.0,88.0,1.1962587047209168,
DYR_ECOLI_Nguyen_2023,2,random,30.0,90.0,0.32456504367632333,
DYR_ECOLI_Nguyen_2023,2,chemotaxis,66.0,98.0,0.3560356240389345,
DYR_ECOLI_Nguyen_2023,2,zero,34.0,94.0,0.32456504367632333,
DYR_ECOLI_Nguyen_2023,2,zero_mem,40.0,92.0,0.32456504367632333,
DYR_ECOLI_Nguyen_2023,2,pre,24.0,82.0,0.32456504367632333,0.054660918768694194
DYR_ECOLI_Nguyen_2023,2,pre_mem,24.0,86.0,0.3088295659155625,
DYR_ECOLI_Nguyen_2023,2,pre_frozen,22.0,90.0,0.32456504367632333,
DYR_ECOLI_Nguyen_2023,2,shuf_pre,38.0,90.0,0.3088295659155625,0.03231974302051593
DYR_ECOLI_Nguyen_2023,2,shuf_pre_mem,44.0,74.0,0.3088295659155625,
DYR_ECOLI_Nguyen_2023,2,pre_a0.1,42.0,88.0,0.32456504367632333,
DYR_ECOLI_Nguyen_2023,2,pre_a0.3,44.0,92.0,0.32456504367632333,
DYR_ECOLI_Nguyen_2023,2,pre_mem_a0.1,44.0,94.0,0.32456504367632333,
DYR_ECOLI_Nguyen_2023,2,pre_mem_a0.3,28.000000000000004,90.0,0.32456504367632333,
RASH_HUMAN_Bandaru_2017,2,random,40.0,86.0,0.8146221814615745,
RASH_HUMAN_Bandaru_2017,2,chemotaxis,62.0,100.0,1.2584231122544154,
RASH_HUMAN_Bandaru_2017,2,zero,34.0,92.0,0.8146221814615745,
RASH_HUMAN_Bandaru_2017,2,zero_mem,46.0,96.0,0.8371915354635798,
RASH_HUMAN_Bandaru_2017,2,pre,42.0,92.0,0.6984446003324556,-0.002867437009095057
RASH_HUMAN_Bandaru_2017,2,pre_mem,28.000000000000004,86.0,0.6999366957359818,
RASH_HUMAN_Bandaru_2017,2,pre_frozen,38.0,96.0,0.6777809180185989,
RASH_HUMAN_Bandaru_2017,2,shuf_pre,36.0,68.0,0.761274110123034,0.0714163697039797
RASH_HUMAN_Bandaru_2017,2,shuf_pre_mem,50.0,76.0,0.8898915410259232,
RASH_HUMAN_Bandaru_2017,2,pre_a0.1,50.0,90.0,0.8476925116927874,
RASH_HUMAN_Bandaru_2017,2,pre_a0.3,36.0,92.0,0.6613784498766986,
RASH_HUMAN_Bandaru_2017,2,pre_mem_a0.1,32.0,98.0,0.8146221814615745,
RASH_HUMAN_Bandaru_2017,2,pre_mem_a0.3,22.0,96.0,0.7446235227188284,
UBC9_HUMAN_Weile_2017,2,random,20.0,100.0,0.7967157162671026,
UBC9_HUMAN_Weile_2017,2,chemotaxis,57.99999999999999,100.0,1.200492207397439,
UBC9_HUMAN_Weile_2017,2,zero,16.0,94.0,0.8035713917450583,
UBC9_HUMAN_Weile_2017,2,zero_mem,28.000000000000004,98.0,1.0103430864899468,
UBC9_HUMAN_Weile_2017,2,pre,28.000000000000004,98.0,0.8365289992815729,0.09290254566816668
UBC9_HUMAN_Weile_2017,2,pre_mem,68.0,96.0,1.6091316014424704,
UBC9_HUMAN_Weile_2017,2,pre_frozen,30.0,92.0,0.843281405574064,
UBC9_HUMAN_Weile_2017,2,shuf_pre,18.0,80.0,0.7040358176233826,0.05982813321815849
UBC9_HUMAN_Weile_2017,2,shuf_pre_mem,40.0,92.0,0.811393817399857,
UBC9_HUMAN_Weile_2017,2,pre_a0.1,20.0,100.0,0.8037113430057764,
UBC9_HUMAN_Weile_2017,2,pre_a0.3,24.0,100.0,0.8190680625307211,
UBC9_HUMAN_Weile_2017,2,pre_mem_a0.1,42.0,100.0,1.0103430864899468,
UBC9_HUMAN_Weile_2017,2,pre_mem_a0.3,57.99999999999999,98.0,1.2265954303208162,
NUD15_HUMAN_Suiter_2020,2,random,52.0,94.0,0.7267576552845609,
NUD15_HUMAN_Suiter_2020,2,chemotaxis,82.0,96.0,0.8815633080559796,
NUD15_HUMAN_Suiter_2020,2,zero,56.00000000000001,92.0,0.7267576552845609,
NUD15_HUMAN_Suiter_2020,2,zero_mem,46.0,92.0,0.6943946082951802,
NUD15_HUMAN_Suiter_2020,2,pre,16.0,88.0,0.6422523202011288,0.10105883876175178
NUD15_HUMAN_Suiter_2020,2,pre_mem,14.000000000000002,94.0,0.6955945193143145,
NUD15_HUMAN_Suiter_2020,2,pre_frozen,12.0,84.0,0.6372141335260666,
NUD15_HUMAN_Suiter_2020,2,shuf_pre,10.0,90.0,0.6056671268020684,0.03598197945528571
NUD15_HUMAN_Suiter_2020,2,shuf_pre_mem,16.0,90.0,0.6379827387967515,
NUD15_HUMAN_Suiter_2020,2,pre_a0.1,62.0,98.0,0.7384800733368787,
NUD15_HUMAN_Suiter_2020,2,pre_a0.3,60.0,94.0,0.7384800733368787,
NUD15_HUMAN_Suiter_2020,2,pre_mem_a0.1,46.0,92.0,0.6955945193143145,
NUD15_HUMAN_Suiter_2020,2,pre_mem_a0.3,46.0,96.0,0.6962172925679169,
TPK1_HUMAN_Weile_2017,2,random,40.0,96.0,1.1231439618159598,
TPK1_HUMAN_Weile_2017,2,chemotaxis,68.0,100.0,1.260498393019657,
TPK1_HUMAN_Weile_2017,2,zero,30.0,92.0,1.1200133796457485,
TPK1_HUMAN_Weile_2017,2,zero_mem,40.0,94.0,1.1231439618159598,
TPK1_HUMAN_Weile_2017,2,pre,32.0,92.0,1.1068627791900505,0.06503043962353726
TPK1_HUMAN_Weile_2017,2,pre_mem,16.0,90.0,0.8942926945275431,
TPK1_HUMAN_Weile_2017,2,pre_frozen,34.0,92.0,1.0238778271239601,
TPK1_HUMAN_Weile_2017,2,shuf_pre,6.0,66.0,0.7942218321213591,-0.013108052696883692
TPK1_HUMAN_Weile_2017,2,shuf_pre_mem,4.0,86.0,0.8071658622964828,
TPK1_HUMAN_Weile_2017,2,pre_a0.1,34.0,96.0,1.1200133796457485,
TPK1_HUMAN_Weile_2017,2,pre_a0.3,34.0,98.0,1.1068627791900505,
TPK1_HUMAN_Weile_2017,2,pre_mem_a0.1,16.0,88.0,1.096708303895998,
TPK1_HUMAN_Weile_2017,2,pre_mem_a0.3,4.0,88.0,0.91792333752837,
MLAC_ECOLI_MacRae_2023,2,random,36.0,90.0,0.5354192428003062,
MLAC_ECOLI_MacRae_2023,2,chemotaxis,72.0,98.0,0.5891342684641536,
MLAC_ECOLI_MacRae_2023,2,zero,38.0,92.0,0.5370403088102862,
MLAC_ECOLI_MacRae_2023,2,zero_mem,50.0,96.0,0.5504106066616135,
MLAC_ECOLI_MacRae_2023,2,pre,32.0,96.0,0.5079894059867147,0.03081337519927366
MLAC_ECOLI_MacRae_2023,2,pre_mem,32.0,96.0,0.5250583723444999,
MLAC_ECOLI_MacRae_2023,2,pre_frozen,28.000000000000004,90.0,0.5110553664342012,
MLAC_ECOLI_MacRae_2023,2,shuf_pre,50.0,88.0,0.5504106066616135,-0.059186912790836384
MLAC_ECOLI_MacRae_2023,2,shuf_pre_mem,68.0,96.0,0.5646688996089345,
MLAC_ECOLI_MacRae_2023,2,pre_a0.1,42.0,92.0,0.5420792265590596,
MLAC_ECOLI_MacRae_2023,2,pre_a0.3,38.0,98.0,0.531044159664638,
MLAC_ECOLI_MacRae_2023,2,pre_mem_a0.1,48.0,96.0,0.5458089600032461,
MLAC_ECOLI_MacRae_2023,2,pre_mem_a0.3,34.0,96.0,0.5291593240924909,
KKA2_KLEPN_Melnikov_2014,2,random,54.0,94.0,1.2192003027729614,
KKA2_KLEPN_Melnikov_2014,2,chemotaxis,82.0,94.0,1.3383919406596958,
KKA2_KLEPN_Melnikov_2014,2,zero,50.0,94.0,1.1985419780067585,
KKA2_KLEPN_Melnikov_2014,2,zero_mem,34.0,86.0,1.1362884735761947,
KKA2_KLEPN_Melnikov_2014,2,pre,4.0,92.0,0.9750954547200007,0.09503207582110265
KKA2_KLEPN_Melnikov_2014,2,pre_mem,20.0,84.0,0.986411204809728,
KKA2_KLEPN_Melnikov_2014,2,pre_frozen,18.0,94.0,1.000222049183058,
KKA2_KLEPN_Melnikov_2014,2,shuf_pre,22.0,80.0,0.9069810299328016,-0.059067780322211716
KKA2_KLEPN_Melnikov_2014,2,shuf_pre_mem,34.0,82.0,1.051241154466469,
KKA2_KLEPN_Melnikov_2014,2,pre_a0.1,56.00000000000001,92.0,1.2691632846631173,
KKA2_KLEPN_Melnikov_2014,2,pre_a0.3,44.0,94.0,1.1772453527156241,
KKA2_KLEPN_Melnikov_2014,2,pre_mem_a0.1,40.0,86.0,1.1688543627041568,
KKA2_KLEPN_Melnikov_2014,2,pre_mem_a0.3,26.0,92.0,1.099358798138847,
TPMT_HUMAN_Matreyek_2018,2,random,62.0,92.0,0.8895967853053466,
TPMT_HUMAN_Matreyek_2018,2,chemotaxis,90.0,96.0,1.0342216227797318,
TPMT_HUMAN_Matreyek_2018,2,zero,76.0,92.0,0.8900220143495636,
TPMT_HUMAN_Matreyek_2018,2,zero_mem,84.0,94.0,0.8929498431628886,
TPMT_HUMAN_Matreyek_2018,2,pre,50.0,98.0,0.8257669007761956,0.10344352177074703
TPMT_HUMAN_Matreyek_2018,2,pre_mem,76.0,96.0,0.9559216438696806,
TPMT_HUMAN_Matreyek_2018,2,pre_frozen,52.0,96.0,0.8869486925731338,
TPMT_HUMAN_Matreyek_2018,2,shuf_pre,54.0,80.0,0.8831062287026986,-0.027342447059177526
TPMT_HUMAN_Matreyek_2018,2,shuf_pre_mem,64.0,90.0,0.8838753707967041,
TPMT_HUMAN_Matreyek_2018,2,pre_a0.1,66.0,90.0,0.8900220143495636,
TPMT_HUMAN_Matreyek_2018,2,pre_a0.3,76.0,98.0,0.8900220143495636,
TPMT_HUMAN_Matreyek_2018,2,pre_mem_a0.1,86.0,96.0,0.8900220143495636,
TPMT_HUMAN_Matreyek_2018,2,pre_mem_a0.3,84.0,96.0,0.9259288018169577,
RNC_ECOLI_Weeks_2023,2,random,20.0,100.0,0.3274379937561512,
RNC_ECOLI_Weeks_2023,2,chemotaxis,46.0,100.0,0.33404474923860816,
RNC_ECOLI_Weeks_2023,2,zero,18.0,100.0,0.3274379937561512,
RNC_ECOLI_Weeks_2023,2,zero_mem,22.0,100.0,0.3258713171902842,
RNC_ECOLI_Weeks_2023,2,pre,8.0,98.0,0.3274379937561512,0.10937486142762691
RNC_ECOLI_Weeks_2023,2,pre_mem,16.0,100.0,0.3274379937561512,
RNC_ECOLI_Weeks_2023,2,pre_frozen,16.0,100.0,0.3274379937561512,
RNC_ECOLI_Weeks_2023,2,shuf_pre,10.0,82.0,0.3277615871663042,0.04154165777977
RNC_ECOLI_Weeks_2023,2,shuf_pre_mem,12.0,88.0,0.3274379937561512,
RNC_ECOLI_Weeks_2023,2,pre_a0.1,12.0,100.0,0.3266546554732177,
RNC_ECOLI_Weeks_2023,2,pre_a0.3,12.0,100.0,0.3274379937561512,
RNC_ECOLI_Weeks_2023,2,pre_mem_a0.1,12.0,92.0,0.3258713171902842,
RNC_ECOLI_Weeks_2023,2,pre_mem_a0.3,12.0,100.0,0.3258713171902842,
BLAT_ECOLX_Firnberg_2014,0,random,54.0,98.0,0.9108911597946021,
BLAT_ECOLX_Firnberg_2014,0,chemotaxis,76.0,98.0,1.1158063937303297,
BLAT_ECOLX_Firnberg_2014,0,zero,54.0,96.0,0.9575083398133462,
BLAT_ECOLX_Firnberg_2014,0,zero_mem,62.0,96.0,1.1962587047209168,
BLAT_ECOLX_Firnberg_2014,0,pre,18.0,94.0,0.798859405181273,0.012994902661656357
BLAT_ECOLX_Firnberg_2014,0,pre_mem,32.0,84.0,0.8066289750209904,
BLAT_ECOLX_Firnberg_2014,0,pre_frozen,16.0,98.0,0.8014659732454635,
BLAT_ECOLX_Firnberg_2014,0,shuf_pre,46.0,88.0,0.8285842362777482,-0.06264971598930127
BLAT_ECOLX_Firnberg_2014,0,shuf_pre_mem,48.0,96.0,0.8683341452983714,
BLAT_ECOLX_Firnberg_2014,0,pre_a0.1,46.0,96.0,0.892595108747304,
BLAT_ECOLX_Firnberg_2014,0,pre_a0.3,42.0,88.0,0.8683341452983714,
BLAT_ECOLX_Firnberg_2014,0,pre_mem_a0.1,57.99999999999999,94.0,0.9409166177435324,
BLAT_ECOLX_Firnberg_2014,0,pre_mem_a0.3,54.0,94.0,0.9327962269436154,
DYR_ECOLI_Nguyen_2023,0,random,32.0,84.0,0.32456504367632333,
DYR_ECOLI_Nguyen_2023,0,chemotaxis,62.0,86.0,0.3560356240389345,
DYR_ECOLI_Nguyen_2023,0,zero,30.0,84.0,0.32456504367632333,
DYR_ECOLI_Nguyen_2023,0,zero_mem,36.0,82.0,0.32456504367632333,
DYR_ECOLI_Nguyen_2023,0,pre,34.0,92.0,0.32456504367632333,0.0562875354049534
DYR_ECOLI_Nguyen_2023,0,pre_mem,50.0,96.0,0.3324326887669761,
DYR_ECOLI_Nguyen_2023,0,pre_frozen,36.0,92.0,0.32456504367632333,
DYR_ECOLI_Nguyen_2023,0,shuf_pre,26.0,82.0,0.32456504367632333,-0.06520261580495693
DYR_ECOLI_Nguyen_2023,0,shuf_pre_mem,26.0,82.0,0.32456504367632333,
DYR_ECOLI_Nguyen_2023,0,pre_a0.1,30.0,88.0,0.32456504367632333,
DYR_ECOLI_Nguyen_2023,0,pre_a0.3,34.0,86.0,0.32456504367632333,
DYR_ECOLI_Nguyen_2023,0,pre_mem_a0.1,28.000000000000004,86.0,0.32456504367632333,
DYR_ECOLI_Nguyen_2023,0,pre_mem_a0.3,30.0,88.0,0.32456504367632333,
RASH_HUMAN_Bandaru_2017,0,random,28.000000000000004,92.0,0.8146221814615745,
RASH_HUMAN_Bandaru_2017,0,chemotaxis,60.0,100.0,1.243646761913157,
RASH_HUMAN_Bandaru_2017,0,zero,32.0,94.0,0.8146221814615745,
RASH_HUMAN_Bandaru_2017,0,zero_mem,32.0,94.0,0.8001467905958903,
RASH_HUMAN_Bandaru_2017,0,pre,30.0,100.0,0.6915278119975042,0.017453868375886472
RASH_HUMAN_Bandaru_2017,0,pre_mem,38.0,96.0,0.7180756673581663,
RASH_HUMAN_Bandaru_2017,0,pre_frozen,40.0,96.0,0.7502872999429824,
RASH_HUMAN_Bandaru_2017,0,shuf_pre,62.0,88.0,1.2584231122544154,-0.003186708589066374
RASH_HUMAN_Bandaru_2017,0,shuf_pre_mem,38.0,88.0,0.8001467905958903,
RASH_HUMAN_Bandaru_2017,0,pre_a0.1,18.0,86.0,0.6862535988038659,
RASH_HUMAN_Bandaru_2017,0,pre_a0.3,38.0,98.0,0.8146221814615745,
RASH_HUMAN_Bandaru_2017,0,pre_mem_a0.1,30.0,98.0,0.7771302829162157,
RASH_HUMAN_Bandaru_2017,0,pre_mem_a0.3,38.0,100.0,0.8118298015123031,
UBC9_HUMAN_Weile_2017,0,random,26.0,98.0,0.847732038537413,
UBC9_HUMAN_Weile_2017,0,chemotaxis,66.0,98.0,1.200492207397439,
UBC9_HUMAN_Weile_2017,0,zero,14.000000000000002,100.0,0.8144798986781883,
UBC9_HUMAN_Weile_2017,0,zero_mem,36.0,92.0,1.1820732875933015,
UBC9_HUMAN_Weile_2017,0,pre,30.0,96.0,0.9997230340576739,0.13085223099533946
UBC9_HUMAN_Weile_2017,0,pre_mem,42.0,98.0,1.1947524845549087,
UBC9_HUMAN_Weile_2017,0,pre_frozen,36.0,90.0,1.0012132299183403,
UBC9_HUMAN_Weile_2017,0,shuf_pre,2.0,90.0,0.7820565478183502,0.015595975493561754
UBC9_HUMAN_Weile_2017,0,shuf_pre_mem,8.0,100.0,0.7968556675278207,
UBC9_HUMAN_Weile_2017,0,pre_a0.1,30.0,94.0,0.8388530938148648,
UBC9_HUMAN_Weile_2017,0,pre_a0.3,26.0,100.0,0.8392294884814693,
UBC9_HUMAN_Weile_2017,0,pre_mem_a0.1,40.0,92.0,1.0103430864899468,
UBC9_HUMAN_Weile_2017,0,pre_mem_a0.3,50.0,96.0,1.384512678649852,
NUD15_HUMAN_Suiter_2020,0,random,48.0,90.0,0.709315397446731,
NUD15_HUMAN_Suiter_2020,0,chemotaxis,74.0,100.0,0.8815633080559796,
NUD15_HUMAN_Suiter_2020,0,zero,66.0,96.0,0.7384800733368787,
NUD15_HUMAN_Suiter_2020,0,zero_mem,38.0,90.0,0.6755955224603087,
NUD15_HUMAN_Suiter_2020,0,pre,70.0,96.0,0.7384800733368787,0.17534532821331728
NUD15_HUMAN_Suiter_2020,0,pre_mem,68.0,96.0,0.7384800733368787,
NUD15_HUMAN_Suiter_2020,0,pre_frozen,92.0,96.0,0.7384800733368787,
NUD15_HUMAN_Suiter_2020,0,shuf_pre,14.000000000000002,92.0,0.6555448437759647,0.07895869542332697
NUD15_HUMAN_Suiter_2020,0,shuf_pre_mem,22.0,94.0,0.7012754897566755,
NUD15_HUMAN_Suiter_2020,0,pre_a0.1,64.0,92.0,0.7384800733368787,
NUD15_HUMAN_Suiter_2020,0,pre_a0.3,78.0,98.0,0.7390917616296564,
NUD15_HUMAN_Suiter_2020,0,pre_mem_a0.1,66.0,98.0,0.8815633080559796,
NUD15_HUMAN_Suiter_2020,0,pre_mem_a0.3,50.0,100.0,0.7207406809647364,
TPK1_HUMAN_Weile_2017,0,random,46.0,98.0,1.12536960299594,
TPK1_HUMAN_Weile_2017,0,chemotaxis,64.0,98.0,1.215609039437639,
TPK1_HUMAN_Weile_2017,0,zero,32.0,100.0,1.1134380794178995,
TPK1_HUMAN_Weile_2017,0,zero_mem,20.0,92.0,0.989156898121153,
TPK1_HUMAN_Weile_2017,0,pre,6.0,94.0,0.8426394483966738,0.0784659276222562
TPK1_HUMAN_Weile_2017,0,pre_mem,10.0,98.0,0.8418663961350692,
TPK1_HUMAN_Weile_2017,0,pre_frozen,16.0,92.0,0.8942926945275431,
TPK1_HUMAN_Weile_2017,0,shuf_pre,22.0,82.0,0.9038627602394235,-0.03086128436256262
TPK1_HUMAN_Weile_2017,0,shuf_pre_mem,18.0,94.0,0.9289197554165054,
TPK1_HUMAN_Weile_2017,0,pre_a0.1,44.0,94.0,1.12536960299594,
TPK1_HUMAN_Weile_2017,0,pre_a0.3,36.0,96.0,1.0802325362958953,
TPK1_HUMAN_Weile_2017,0,pre_mem_a0.1,8.0,100.0,0.9960402912248082,
TPK1_HUMAN_Weile_2017,0,pre_mem_a0.3,6.0,96.0,0.8942926945275431,
MLAC_ECOLI_MacRae_2023,0,random,40.0,92.0,0.5340097059101051,
MLAC_ECOLI_MacRae_2023,0,chemotaxis,68.0,98.0,0.5882170055755895,
MLAC_ECOLI_MacRae_2023,0,zero,40.0,96.0,0.5340097059101051,
MLAC_ECOLI_MacRae_2023,0,zero_mem,34.0,96.0,0.528078613419171,
MLAC_ECOLI_MacRae_2023,0,pre,32.0,94.0,0.5291593240924909,0.0823683810880981
MLAC_ECOLI_MacRae_2023,0,pre_mem,38.0,100.0,0.5378267806089628,
MLAC_ECOLI_MacRae_2023,0,pre_frozen,14.000000000000002,94.0,0.5291593240924909,
MLAC_ECOLI_MacRae_2023,0,shuf_pre,14.000000000000002,82.0,0.4546404023098153,-0.001197634670886172
MLAC_ECOLI_MacRae_2023,0,shuf_pre_mem,26.0,86.0,0.48362785050521345,
MLAC_ECOLI_MacRae_2023,0,pre_a0.1,34.0,92.0,0.5340097059101051,
MLAC_ECOLI_MacRae_2023,0,pre_a0.3,30.0,92.0,0.528078613419171,
MLAC_ECOLI_MacRae_2023,0,pre_mem_a0.1,44.0,98.0,0.5351020415452461,
MLAC_ECOLI_MacRae_2023,0,pre_mem_a0.3,38.0,90.0,0.528078613419171,
KKA2_KLEPN_Melnikov_2014,0,random,62.0,96.0,1.3338539969242693,
KKA2_KLEPN_Melnikov_2014,0,chemotaxis,74.0,98.0,1.3316837530031902,
KKA2_KLEPN_Melnikov_2014,0,zero,52.0,96.0,1.2131537141086142,
KKA2_KLEPN_Melnikov_2014,0,zero_mem,34.0,92.0,1.1688543627041568,
KKA2_KLEPN_Melnikov_2014,0,pre,14.000000000000002,92.0,0.986411204809728,0.07234318763220379
KKA2_KLEPN_Melnikov_2014,0,pre_mem,12.0,90.0,1.0140793798092875,
KKA2_KLEPN_Melnikov_2014,0,pre_frozen,16.0,86.0,0.986411204809728,
KKA2_KLEPN_Melnikov_2014,0,shuf_pre,30.0,92.0,1.0692766030943723,0.006407904832860967
KKA2_KLEPN_Melnikov_2014,0,shuf_pre_mem,36.0,92.0,1.0692766030943723,
KKA2_KLEPN_Melnikov_2014,0,pre_a0.1,57.99999999999999,94.0,1.2809896087638575,
KKA2_KLEPN_Melnikov_2014,0,pre_a0.3,44.0,90.0,1.1688543627041568,
KKA2_KLEPN_Melnikov_2014,0,pre_mem_a0.1,24.0,90.0,0.986411204809728,
KKA2_KLEPN_Melnikov_2014,0,pre_mem_a0.3,28.000000000000004,96.0,0.986411204809728,
TPMT_HUMAN_Matreyek_2018,0,random,60.0,88.0,0.8869486925731338,
TPMT_HUMAN_Matreyek_2018,0,chemotaxis,92.0,96.0,1.0101857624618513,
TPMT_HUMAN_Matreyek_2018,0,zero,70.0,92.0,0.9618355892843518,
TPMT_HUMAN_Matreyek_2018,0,zero_mem,74.0,92.0,0.8838753707967041,
TPMT_HUMAN_Matreyek_2018,0,pre,18.0,94.0,0.724158752870736,0.08990665554601492
TPMT_HUMAN_Matreyek_2018,0,pre_mem,40.0,92.0,0.8658857359512839,
TPMT_HUMAN_Matreyek_2018,0,pre_frozen,40.0,98.0,0.7870563348008118,
TPMT_HUMAN_Matreyek_2018,0,shuf_pre,74.0,94.0,0.897830614884189,0.05230360481175119
TPMT_HUMAN_Matreyek_2018,0,shuf_pre_mem,94.0,96.0,0.9618355892843518,
TPMT_HUMAN_Matreyek_2018,0,pre_a0.1,64.0,94.0,0.8900220143495636,
TPMT_HUMAN_Matreyek_2018,0,pre_a0.3,60.0,90.0,0.8900220143495636,
TPMT_HUMAN_Matreyek_2018,0,pre_mem_a0.1,76.0,94.0,0.8900220143495636,
TPMT_HUMAN_Matreyek_2018,0,pre_mem_a0.3,68.0,96.0,0.8900220143495636,
RNC_ECOLI_Weeks_2023,0,random,16.0,100.0,0.3274379937561512,
RNC_ECOLI_Weeks_2023,0,chemotaxis,44.0,100.0,0.3359138977125964,
RNC_ECOLI_Weeks_2023,0,zero,28.000000000000004,98.0,0.3274379937561512,
RNC_ECOLI_Weeks_2023,0,zero_mem,12.0,100.0,0.3258713171902842,
RNC_ECOLI_Weeks_2023,0,pre,48.0,98.0,0.3420165279914759,0.15896225287721463
RNC_ECOLI_Weeks_2023,0,pre_mem,60.0,100.0,0.3557198242510302,
RNC_ECOLI_Weeks_2023,0,pre_frozen,38.0,94.0,0.33258601035114316,
RNC_ECOLI_Weeks_2023,0,shuf_pre,36.0,92.0,0.33258601035114316,0.006550096159838255
RNC_ECOLI_Weeks_2023,0,shuf_pre_mem,34.0,94.0,0.3274379937561512,
RNC_ECOLI_Weeks_2023,0,pre_a0.1,18.0,100.0,0.3264215154445781,
RNC_ECOLI_Weeks_2023,0,pre_a0.3,22.0,100.0,0.32792870843973465,
RNC_ECOLI_Weeks_2023,0,pre_mem_a0.1,24.0,86.0,0.3209100033170303,
RNC_ECOLI_Weeks_2023,0,pre_mem_a0.3,34.0,100.0,0.32614169170044105,
BLAT_ECOLX_Firnberg_2014,3,random,38.0,78.0,0.8040725413096541,
BLAT_ECOLX_Firnberg_2014,3,chemotaxis,74.0,90.0,1.0353540827397427,
BLAT_ECOLX_Firnberg_2014,3,zero,38.0,80.0,0.8478826756076808,
BLAT_ECOLX_Firnberg_2014,3,zero_mem,70.0,88.0,1.1962587047209168,
BLAT_ECOLX_Firnberg_2014,3,pre,28.000000000000004,82.0,0.8091854087323267,0.08010218950932654
BLAT_ECOLX_Firnberg_2014,3,pre_mem,40.0,86.0,0.8266292952908827,
BLAT_ECOLX_Firnberg_2014,3,pre_frozen,34.0,82.0,0.8217670398775911,
BLAT_ECOLX_Firnberg_2014,3,shuf_pre,40.0,78.0,0.8040725413096541,0.019515583304775555
BLAT_ECOLX_Firnberg_2014,3,shuf_pre_mem,54.0,82.0,0.926279836660584,
BLAT_ECOLX_Firnberg_2014,3,pre_a0.1,48.0,84.0,0.9022193508681783,
BLAT_ECOLX_Firnberg_2014,3,pre_a0.3,46.0,88.0,0.8670810254965754,
BLAT_ECOLX_Firnberg_2014,3,pre_mem_a0.1,62.0,82.0,0.9525458754492364,
BLAT_ECOLX_Firnberg_2014,3,pre_mem_a0.3,57.99999999999999,84.0,1.1962587047209168,
DYR_ECOLI_Nguyen_2023,3,random,36.0,90.0,0.32456504367632333,
DYR_ECOLI_Nguyen_2023,3,chemotaxis,66.0,96.0,0.3560356240389345,
DYR_ECOLI_Nguyen_2023,3,zero,36.0,94.0,0.32456504367632333,
DYR_ECOLI_Nguyen_2023,3,zero_mem,44.0,94.0,0.32456504367632333,
DYR_ECOLI_Nguyen_2023,3,pre,26.0,92.0,0.32456504367632333,0.0033895237580925668
DYR_ECOLI_Nguyen_2023,3,pre_mem,42.0,90.0,0.32456504367632333,
DYR_ECOLI_Nguyen_2023,3,pre_frozen,20.0,92.0,0.3088295659155625,
DYR_ECOLI_Nguyen_2023,3,shuf_pre,20.0,84.0,0.32456504367632333,0.040972248423743585
DYR_ECOLI_Nguyen_2023,3,shuf_pre_mem,24.0,90.0,0.32456504367632333,
DYR_ECOLI_Nguyen_2023,3,pre_a0.1,30.0,94.0,0.32456504367632333,
DYR_ECOLI_Nguyen_2023,3,pre_a0.3,28.000000000000004,92.0,0.32456504367632333,
DYR_ECOLI_Nguyen_2023,3,pre_mem_a0.1,38.0,94.0,0.32456504367632333,
DYR_ECOLI_Nguyen_2023,3,pre_mem_a0.3,38.0,90.0,0.32456504367632333,
RASH_HUMAN_Bandaru_2017,3,random,34.0,96.0,0.8146221814615745,
RASH_HUMAN_Bandaru_2017,3,chemotaxis,76.0,98.0,1.3626516699887843,
RASH_HUMAN_Bandaru_2017,3,zero,38.0,94.0,0.8146221814615745,
RASH_HUMAN_Bandaru_2017,3,zero_mem,40.0,100.0,0.8119923867838992,
RASH_HUMAN_Bandaru_2017,3,pre,26.0,64.0,0.6610494356056184,0.07194462882677985
RASH_HUMAN_Bandaru_2017,3,pre_mem,32.0,90.0,0.6610494356056184,
RASH_HUMAN_Bandaru_2017,3,pre_frozen,22.0,70.0,0.6709422633936521,
RASH_HUMAN_Bandaru_2017,3,shuf_pre,2.0,92.0,0.7030618453226611,0.048076186697062526
RASH_HUMAN_Bandaru_2017,3,shuf_pre_mem,16.0,96.0,0.8001467905958903,
RASH_HUMAN_Bandaru_2017,3,pre_a0.1,42.0,98.0,0.8146221814615745,
RASH_HUMAN_Bandaru_2017,3,pre_a0.3,36.0,98.0,0.8093625921062239,
RASH_HUMAN_Bandaru_2017,3,pre_mem_a0.1,46.0,98.0,0.811726882384536,
RASH_HUMAN_Bandaru_2017,3,pre_mem_a0.3,50.0,94.0,0.8664081529501639,
UBC9_HUMAN_Weile_2017,3,random,22.0,100.0,0.8298366182031329,
UBC9_HUMAN_Weile_2017,3,chemotaxis,60.0,100.0,1.200492207397439,
UBC9_HUMAN_Weile_2017,3,zero,30.0,100.0,0.9595059254992104,
UBC9_HUMAN_Weile_2017,3,zero_mem,6.0,98.0,0.8136408365462893,
UBC9_HUMAN_Weile_2017,3,pre,26.0,98.0,1.1947524845549087,0.19641931843679258
UBC9_HUMAN_Weile_2017,3,pre_mem,36.0,94.0,1.1947524845549087,
UBC9_HUMAN_Weile_2017,3,pre_frozen,30.0,92.0,1.1947524845549087,
UBC9_HUMAN_Weile_2017,3,shuf_pre,8.0,82.0,0.7472571989023173,0.02423516667937774
UBC9_HUMAN_Weile_2017,3,shuf_pre_mem,8.0,86.0,0.8341504732817757,
UBC9_HUMAN_Weile_2017,3,pre_a0.1,22.0,98.0,0.843281405574064,
UBC9_HUMAN_Weile_2017,3,pre_a0.3,28.000000000000004,100.0,1.0158190426212692,
UBC9_HUMAN_Weile_2017,3,pre_mem_a0.1,30.0,100.0,1.1820732875933015,
UBC9_HUMAN_Weile_2017,3,pre_mem_a0.3,30.0,100.0,1.1947524845549087,
NUD15_HUMAN_Suiter_2020,3,random,52.0,96.0,0.7326188643107199,
NUD15_HUMAN_Suiter_2020,3,chemotaxis,74.0,98.0,0.8673733345359388,
NUD15_HUMAN_Suiter_2020,3,zero,42.0,92.0,0.6965796412224052,
NUD15_HUMAN_Suiter_2020,3,zero_mem,40.0,94.0,0.6755955224603087,
NUD15_HUMAN_Suiter_2020,3,pre,10.0,90.0,0.6555448437759647,0.09717702614594374
NUD15_HUMAN_Suiter_2020,3,pre_mem,6.0,90.0,0.6573548595220445,
NUD15_HUMAN_Suiter_2020,3,pre_frozen,6.0,92.0,0.625497833796282,
NUD15_HUMAN_Suiter_2020,3,shuf_pre,6.0,88.0,0.6341979444777892,0.05728516479294285
NUD15_HUMAN_Suiter_2020,3,shuf_pre_mem,14.000000000000002,98.0,0.7122971079480279,
NUD15_HUMAN_Suiter_2020,3,pre_a0.1,52.0,92.0,0.7384800733368787,
NUD15_HUMAN_Suiter_2020,3,pre_a0.3,42.0,92.0,0.7122971079480279,
NUD15_HUMAN_Suiter_2020,3,pre_mem_a0.1,48.0,86.0,0.703902553491849,
NUD15_HUMAN_Suiter_2020,3,pre_mem_a0.3,36.0,98.0,0.6755955224603087,
TPK1_HUMAN_Weile_2017,3,random,36.0,96.0,1.115647102315922,
TPK1_HUMAN_Weile_2017,3,chemotaxis,54.0,96.0,1.1645554111348546,
TPK1_HUMAN_Weile_2017,3,zero,24.0,94.0,1.0075861699445745,
TPK1_HUMAN_Weile_2017,3,zero_mem,8.0,90.0,0.9847654415762396,
TPK1_HUMAN_Weile_2017,3,pre,40.0,100.0,1.083310947132446,0.06298050225169549
TPK1_HUMAN_Weile_2017,3,pre_mem,48.0,100.0,1.1427056940171392,
TPK1_HUMAN_Weile_2017,3,pre_frozen,52.0,100.0,1.1610583203098352,
TPK1_HUMAN_Weile_2017,3,shuf_pre,10.0,86.0,0.9609282786532679,0.016479305980864355
TPK1_HUMAN_Weile_2017,3,shuf_pre_mem,16.0,84.0,0.8901576127506465,
TPK1_HUMAN_Weile_2017,3,pre_a0.1,40.0,94.0,1.1215786707308542,
TPK1_HUMAN_Weile_2017,3,pre_a0.3,60.0,98.0,1.1645554111348546,
TPK1_HUMAN_Weile_2017,3,pre_mem_a0.1,28.000000000000004,96.0,0.9960402912248082,
TPK1_HUMAN_Weile_2017,3,pre_mem_a0.3,38.0,92.0,1.0204482669538044,
MLAC_ECOLI_MacRae_2023,3,random,38.0,92.0,0.5340097059101051,
MLAC_ECOLI_MacRae_2023,3,chemotaxis,72.0,90.0,0.5788201545906542,
MLAC_ECOLI_MacRae_2023,3,zero,50.0,96.0,0.5511892839850057,
MLAC_ECOLI_MacRae_2023,3,zero_mem,44.0,92.0,0.5430641545301669,
MLAC_ECOLI_MacRae_2023,3,pre,28.000000000000004,94.0,0.522038131269829,0.05839382642277118
MLAC_ECOLI_MacRae_2023,3,pre_mem,34.0,98.0,0.5380595057722033,
MLAC_ECOLI_MacRae_2023,3,pre_frozen,16.0,92.0,0.510567621238362,
MLAC_ECOLI_MacRae_2023,3,shuf_pre,36.0,84.0,0.5095708629174156,-0.02962653811746117
MLAC_ECOLI_MacRae_2023,3,shuf_pre_mem,20.0,88.0,0.505380628997983,
MLAC_ECOLI_MacRae_2023,3,pre_a0.1,38.0,94.0,0.5385369302201359,
MLAC_ECOLI_MacRae_2023,3,pre_a0.3,36.0,86.0,0.5340097059101051,
MLAC_ECOLI_MacRae_2023,3,pre_mem_a0.1,60.0,92.0,0.5919272682356658,
MLAC_ECOLI_MacRae_2023,3,pre_mem_a0.3,34.0,92.0,0.5412537413063563,
KKA2_KLEPN_Melnikov_2014,3,random,72.0,98.0,1.3360242408453484,
KKA2_KLEPN_Melnikov_2014,3,chemotaxis,80.0,94.0,1.3316837530031902,
KKA2_KLEPN_Melnikov_2014,3,zero,64.0,96.0,1.3360242408453484,
KKA2_KLEPN_Melnikov_2014,3,zero_mem,48.0,94.0,1.1763748976300812,
KKA2_KLEPN_Melnikov_2014,3,pre,50.0,90.0,1.194027332738559,0.09307895720508043
KKA2_KLEPN_Melnikov_2014,3,pre_mem,66.0,94.0,1.326437945385814,
KKA2_KLEPN_Melnikov_2014,3,pre_frozen,46.0,88.0,1.1618444571300226,
KKA2_KLEPN_Melnikov_2014,3,shuf_pre,50.0,82.0,1.1901509879952912,-0.03321120226031101
KKA2_KLEPN_Melnikov_2014,3,shuf_pre_mem,68.0,92.0,1.3316837530031902,
KKA2_KLEPN_Melnikov_2014,3,pre_a0.1,52.0,94.0,1.2389186090966033,
KKA2_KLEPN_Melnikov_2014,3,pre_a0.3,46.0,88.0,1.177779225193864,
KKA2_KLEPN_Melnikov_2014,3,pre_mem_a0.1,52.0,94.0,1.214859814930803,
KKA2_KLEPN_Melnikov_2014,3,pre_mem_a0.3,50.0,96.0,1.1901509879952912,
TPMT_HUMAN_Matreyek_2018,3,random,64.0,92.0,0.8900220143495636,
TPMT_HUMAN_Matreyek_2018,3,chemotaxis,90.0,98.0,1.0022210231375528,
TPMT_HUMAN_Matreyek_2018,3,zero,64.0,98.0,0.8900220143495636,
TPMT_HUMAN_Matreyek_2018,3,zero_mem,48.0,94.0,0.8472855893779628,
TPMT_HUMAN_Matreyek_2018,3,pre,22.0,98.0,0.7603955609617581,0.05963179954019862
TPMT_HUMAN_Matreyek_2018,3,pre_mem,30.0,96.0,0.7773573827782496,
TPMT_HUMAN_Matreyek_2018,3,pre_frozen,26.0,96.0,0.7870563348008118,
TPMT_HUMAN_Matreyek_2018,3,shuf_pre,28.000000000000004,94.0,0.7406441550727018,-0.021824537320105395
TPMT_HUMAN_Matreyek_2018,3,shuf_pre_mem,34.0,88.0,0.74675259445362,
TPMT_HUMAN_Matreyek_2018,3,pre_a0.1,76.0,96.0,0.9896277653300092,
TPMT_HUMAN_Matreyek_2018,3,pre_a0.3,72.0,96.0,0.9618355892843518,
TPMT_HUMAN_Matreyek_2018,3,pre_mem_a0.1,76.0,98.0,0.9559216438696806,
TPMT_HUMAN_Matreyek_2018,3,pre_mem_a0.3,60.0,96.0,0.8838753707967041,
RNC_ECOLI_Weeks_2023,3,random,26.0,96.0,0.3274379937561512,
RNC_ECOLI_Weeks_2023,3,chemotaxis,48.0,100.0,0.34263643845156244,
RNC_ECOLI_Weeks_2023,3,zero,20.0,94.0,0.3274379937561512,
RNC_ECOLI_Weeks_2023,3,zero_mem,14.000000000000002,98.0,0.3274379937561512,
RNC_ECOLI_Weeks_2023,3,pre,42.0,96.0,0.3286989174298759,0.062108081515137685
RNC_ECOLI_Weeks_2023,3,pre_mem,40.0,100.0,0.3286989174298759,
RNC_ECOLI_Weeks_2023,3,pre_frozen,30.0,94.0,0.3239998090861553,
RNC_ECOLI_Weeks_2023,3,shuf_pre,28.000000000000004,80.0,0.3245368834043655,-0.038303682734525835
RNC_ECOLI_Weeks_2023,3,shuf_pre_mem,26.0,78.0,0.3169928083717541,
RNC_ECOLI_Weeks_2023,3,pre_a0.1,18.0,98.0,0.3274379937561512,
RNC_ECOLI_Weeks_2023,3,pre_a0.3,18.0,100.0,0.3274379937561512,
RNC_ECOLI_Weeks_2023,3,pre_mem_a0.1,16.0,94.0,0.3274379937561512,
RNC_ECOLI_Weeks_2023,3,pre_mem_a0.3,18.0,96.0,0.3266546554732177,
BLAT_ECOLX_Firnberg_2014,4,random,46.0,82.0,0.8778581187135372,
BLAT_ECOLX_Firnberg_2014,4,chemotaxis,86.0,100.0,1.1962587047209168,
BLAT_ECOLX_Firnberg_2014,4,zero,52.0,84.0,0.9401647219604987,
BLAT_ECOLX_Firnberg_2014,4,zero_mem,70.0,78.0,1.1962587047209168,
BLAT_ECOLX_Firnberg_2014,4,pre,38.0,94.0,0.8531459460889163,0.1125958711255606
BLAT_ECOLX_Firnberg_2014,4,pre_mem,44.0,90.0,0.8964047220153264,
BLAT_ECOLX_Firnberg_2014,4,pre_frozen,48.0,90.0,0.8774069692927391,
BLAT_ECOLX_Firnberg_2014,4,shuf_pre,46.0,82.0,0.8620683670247211,-0.018134543490686193
BLAT_ECOLX_Firnberg_2014,4,shuf_pre_mem,44.0,82.0,0.8721938331643577,
BLAT_ECOLX_Firnberg_2014,4,pre_a0.1,50.0,94.0,0.9179087740963957,
BLAT_ECOLX_Firnberg_2014,4,pre_a0.3,46.0,80.0,0.8878833161474655,
BLAT_ECOLX_Firnberg_2014,4,pre_mem_a0.1,72.0,88.0,1.1962587047209168,
BLAT_ECOLX_Firnberg_2014,4,pre_mem_a0.3,70.0,90.0,1.1962587047209168,
DYR_ECOLI_Nguyen_2023,4,random,22.0,86.0,0.32456504367632333,
DYR_ECOLI_Nguyen_2023,4,chemotaxis,72.0,90.0,0.3560356240389345,
DYR_ECOLI_Nguyen_2023,4,zero,26.0,84.0,0.32456504367632333,
DYR_ECOLI_Nguyen_2023,4,zero_mem,36.0,90.0,0.32456504367632333,
DYR_ECOLI_Nguyen_2023,4,pre,24.0,80.0,0.32456504367632333,0.011665707951600433
DYR_ECOLI_Nguyen_2023,4,pre_mem,18.0,80.0,0.31669730479594294,
DYR_ECOLI_Nguyen_2023,4,pre_frozen,22.0,74.0,0.32456504367632333,
DYR_ECOLI_Nguyen_2023,4,shuf_pre,18.0,62.0,0.2930942757342569,-0.05552437240571347
DYR_ECOLI_Nguyen_2023,4,shuf_pre_mem,6.0,66.0,0.2930942757342569,
DYR_ECOLI_Nguyen_2023,4,pre_a0.1,28.000000000000004,86.0,0.32456504367632333,
DYR_ECOLI_Nguyen_2023,4,pre_a0.3,30.0,82.0,0.32456504367632333,
DYR_ECOLI_Nguyen_2023,4,pre_mem_a0.1,34.0,86.0,0.32456504367632333,
DYR_ECOLI_Nguyen_2023,4,pre_mem_a0.3,24.0,88.0,0.32456504367632333,
RASH_HUMAN_Bandaru_2017,4,random,16.0,86.0,0.7446235227188284,
RASH_HUMAN_Bandaru_2017,4,chemotaxis,66.0,100.0,1.2510349370837863,
RASH_HUMAN_Bandaru_2017,4,zero,28.000000000000004,80.0,0.7769930574125261,
RASH_HUMAN_Bandaru_2017,4,zero_mem,54.0,96.0,1.1146140095848227,
RASH_HUMAN_Bandaru_2017,4,pre,6.0,84.0,0.6610494356056184,0.0028652176606274093
RASH_HUMAN_Bandaru_2017,4,pre_mem,6.0,94.0,0.6610494356056184,
RASH_HUMAN_Bandaru_2017,4,pre_frozen,8.0,80.0,0.6461250796502713,
RASH_HUMAN_Bandaru_2017,4,shuf_pre,32.0,76.0,0.7882489948159274,-0.008457031611152287
RASH_HUMAN_Bandaru_2017,4,shuf_pre_mem,24.0,84.0,0.7958810037131702,
RASH_HUMAN_Bandaru_2017,4,pre_a0.1,32.0,86.0,0.7446235227188284,
RASH_HUMAN_Bandaru_2017,4,pre_a0.3,12.0,76.0,0.6169730323741323,
RASH_HUMAN_Bandaru_2017,4,pre_mem_a0.1,44.0,86.0,0.8147480745951106,
RASH_HUMAN_Bandaru_2017,4,pre_mem_a0.3,14.000000000000002,98.0,0.664042219574444,
UBC9_HUMAN_Weile_2017,4,random,16.0,96.0,0.8286834456321128,
UBC9_HUMAN_Weile_2017,4,chemotaxis,66.0,100.0,1.200492207397439,
UBC9_HUMAN_Weile_2017,4,zero,20.0,98.0,0.7907785448934059,
UBC9_HUMAN_Weile_2017,4,zero_mem,36.0,98.0,1.0103430864899468,
UBC9_HUMAN_Weile_2017,4,pre,14.000000000000002,90.0,0.8918916096090859,0.08325181623308614
UBC9_HUMAN_Weile_2017,4,pre_mem,22.0,94.0,0.8240690879809753,
UBC9_HUMAN_Weile_2017,4,pre_frozen,22.0,86.0,0.8515747817434081,
UBC9_HUMAN_Weile_2017,4,shuf_pre,44.0,100.0,1.0267227625973647,0.08411438818826601
UBC9_HUMAN_Weile_2017,4,shuf_pre_mem,44.0,98.0,1.0103430864899468,
UBC9_HUMAN_Weile_2017,4,pre_a0.1,26.0,100.0,0.847732038537413,
UBC9_HUMAN_Weile_2017,4,pre_a0.3,24.0,98.0,0.843281405574064,
UBC9_HUMAN_Weile_2017,4,pre_mem_a0.1,24.0,96.0,0.7820565478183502,
UBC9_HUMAN_Weile_2017,4,pre_mem_a0.3,26.0,90.0,0.8196505652799817,
NUD15_HUMAN_Suiter_2020,4,random,66.0,96.0,0.7384800733368787,
NUD15_HUMAN_Suiter_2020,4,chemotaxis,76.0,96.0,0.8421427400345604,
NUD15_HUMAN_Suiter_2020,4,zero,66.0,94.0,0.7495784224908224,
NUD15_HUMAN_Suiter_2020,4,zero_mem,70.0,98.0,0.8815633080559796,
NUD15_HUMAN_Suiter_2020,4,pre,32.0,100.0,0.6855950208873116,0.172137594131074
NUD15_HUMAN_Suiter_2020,4,pre_mem,28.000000000000004,100.0,0.6698304790683168,
NUD15_HUMAN_Suiter_2020,4,pre_frozen,28.000000000000004,100.0,0.6755955224603087,
NUD15_HUMAN_Suiter_2020,4,shuf_pre,28.000000000000004,94.0,0.623895265174206,0.07455490799156536
NUD15_HUMAN_Suiter_2020,4,shuf_pre_mem,48.0,92.0,0.6930714670622031,
NUD15_HUMAN_Suiter_2020,4,pre_a0.1,68.0,90.0,0.8177953433858982,
NUD15_HUMAN_Suiter_2020,4,pre_a0.3,54.0,94.0,0.7384800733368787,
NUD15_HUMAN_Suiter_2020,4,pre_mem_a0.1,78.0,94.0,0.8815633080559796,
NUD15_HUMAN_Suiter_2020,4,pre_mem_a0.3,68.0,98.0,0.8673733345359388,
TPK1_HUMAN_Weile_2017,4,random,46.0,98.0,1.1231439618159598,
TPK1_HUMAN_Weile_2017,4,chemotaxis,66.0,98.0,1.2315188789994438,
TPK1_HUMAN_Weile_2017,4,zero,38.0,96.0,1.1200133796457485,
TPK1_HUMAN_Weile_2017,4,zero_mem,6.0,94.0,0.9960402912248082,
TPK1_HUMAN_Weile_2017,4,pre,18.0,100.0,1.0441577712562842,0.05424589884198963
TPK1_HUMAN_Weile_2017,4,pre_mem,20.0,96.0,1.0441577712562842,
TPK1_HUMAN_Weile_2017,4,pre_frozen,24.0,100.0,1.1112808249860957,
TPK1_HUMAN_Weile_2017,4,shuf_pre,14.000000000000002,72.0,0.9005741029568953,-0.016793629099801182
TPK1_HUMAN_Weile_2017,4,shuf_pre_mem,2.0,86.0,1.1231439618159598,
TPK1_HUMAN_Weile_2017,4,pre_a0.1,32.0,98.0,1.1215786707308542,
TPK1_HUMAN_Weile_2017,4,pre_a0.3,38.0,100.0,1.1215786707308542,
TPK1_HUMAN_Weile_2017,4,pre_mem_a0.1,18.0,96.0,1.1056521121702318,
TPK1_HUMAN_Weile_2017,4,pre_mem_a0.3,24.0,98.0,0.93125366722136,
MLAC_ECOLI_MacRae_2023,4,random,38.0,92.0,0.522038131269829,
MLAC_ECOLI_MacRae_2023,4,chemotaxis,70.0,100.0,0.5673300300034644,
MLAC_ECOLI_MacRae_2023,4,zero,46.0,96.0,0.5396199823168616,
MLAC_ECOLI_MacRae_2023,4,zero_mem,48.0,98.0,0.5401548332546381,
MLAC_ECOLI_MacRae_2023,4,pre,14.000000000000002,84.0,0.46624971356387335,0.018162772490474238
MLAC_ECOLI_MacRae_2023,4,pre_mem,28.000000000000004,96.0,0.49722999035130383,
MLAC_ECOLI_MacRae_2023,4,pre_frozen,6.0,78.0,0.4628590706027696,
MLAC_ECOLI_MacRae_2023,4,shuf_pre,34.0,86.0,0.510567621238362,-0.05934317893559209
MLAC_ECOLI_MacRae_2023,4,shuf_pre_mem,36.0,88.0,0.5120658652135543,
MLAC_ECOLI_MacRae_2023,4,pre_a0.1,44.0,90.0,0.5298047354003781,
MLAC_ECOLI_MacRae_2023,4,pre_a0.3,28.000000000000004,90.0,0.49987565502807535,
MLAC_ECOLI_MacRae_2023,4,pre_mem_a0.1,54.0,96.0,0.5925152735925109,
MLAC_ECOLI_MacRae_2023,4,pre_mem_a0.3,50.0,98.0,0.5432458202321228,
KKA2_KLEPN_Melnikov_2014,4,random,72.0,92.0,1.3745323459317424,
KKA2_KLEPN_Melnikov_2014,4,chemotaxis,78.0,98.0,1.3380553580523928,
KKA2_KLEPN_Melnikov_2014,4,zero,60.0,92.0,1.3338539969242693,
KKA2_KLEPN_Melnikov_2014,4,zero_mem,18.0,80.0,0.986411204809728,
KKA2_KLEPN_Melnikov_2014,4,pre,24.0,92.0,1.0440687683702954,0.10914153480769652
KKA2_KLEPN_Melnikov_2014,4,pre_mem,34.0,90.0,1.0637290222185904,
KKA2_KLEPN_Melnikov_2014,4,pre_frozen,34.0,94.0,1.0538988952944428,
KKA2_KLEPN_Melnikov_2014,4,shuf_pre,57.99999999999999,90.0,1.3360242408453484,-0.0013488556078092742
KKA2_KLEPN_Melnikov_2014,4,shuf_pre_mem,72.0,90.0,1.3360242408453484,
KKA2_KLEPN_Melnikov_2014,4,pre_a0.1,57.99999999999999,96.0,1.2391855176653346,
KKA2_KLEPN_Melnikov_2014,4,pre_a0.3,50.0,94.0,1.2085578285793952,
KKA2_KLEPN_Melnikov_2014,4,pre_mem_a0.1,38.0,84.0,1.0241880922061686,
KKA2_KLEPN_Melnikov_2014,4,pre_mem_a0.3,46.0,82.0,1.008090843620288,
TPMT_HUMAN_Matreyek_2018,4,random,66.0,94.0,0.8900220143495636,
TPMT_HUMAN_Matreyek_2018,4,chemotaxis,92.0,96.0,1.0342216227797318,
TPMT_HUMAN_Matreyek_2018,4,zero,60.0,92.0,0.8865234635289169,
TPMT_HUMAN_Matreyek_2018,4,zero_mem,34.0,94.0,0.7661240726881132,
TPMT_HUMAN_Matreyek_2018,4,pre,84.0,92.0,0.9618355892843518,0.10992181206839247
TPMT_HUMAN_Matreyek_2018,4,pre_mem,88.0,96.0,0.9618355892843518,
TPMT_HUMAN_Matreyek_2018,4,pre_frozen,66.0,92.0,0.9618355892843518,
TPMT_HUMAN_Matreyek_2018,4,shuf_pre,50.0,86.0,0.8249997217424087,0.023806236579168794
TPMT_HUMAN_Matreyek_2018,4,shuf_pre_mem,60.0,86.0,0.8900220143495636,
TPMT_HUMAN_Matreyek_2018,4,pre_a0.1,68.0,90.0,0.9178599447987713,
TPMT_HUMAN_Matreyek_2018,4,pre_a0.3,76.0,92.0,1.0034748901008537,
TPMT_HUMAN_Matreyek_2018,4,pre_mem_a0.1,72.0,96.0,0.8900220143495636,
TPMT_HUMAN_Matreyek_2018,4,pre_mem_a0.3,88.0,96.0,0.9618355892843518,
RNC_ECOLI_Weeks_2023,4,random,18.0,98.0,0.3274379937561512,
RNC_ECOLI_Weeks_2023,4,chemotaxis,60.0,100.0,0.3548895772708379,
RNC_ECOLI_Weeks_2023,4,zero,24.0,98.0,0.3274379937561512,
RNC_ECOLI_Weeks_2023,4,zero_mem,12.0,98.0,0.3258713171902842,
RNC_ECOLI_Weeks_2023,4,pre,16.0,100.0,0.3274379937561512,0.13104180719294964
RNC_ECOLI_Weeks_2023,4,pre_mem,12.0,100.0,0.3274379937561512,
RNC_ECOLI_Weeks_2023,4,pre_frozen,16.0,100.0,0.3274379937561512,
RNC_ECOLI_Weeks_2023,4,shuf_pre,28.000000000000004,80.0,0.3241924604327998,-0.02968808463392303
RNC_ECOLI_Weeks_2023,4,shuf_pre_mem,56.00000000000001,84.0,0.3557198242510302,
RNC_ECOLI_Weeks_2023,4,pre_a0.1,16.0,98.0,0.3274379937561512,
RNC_ECOLI_Weeks_2023,4,pre_a0.3,12.0,100.0,0.3274379937561512,
RNC_ECOLI_Weeks_2023,4,pre_mem_a0.1,6.0,100.0,0.3274379937561512,
RNC_ECOLI_Weeks_2023,4,pre_mem_a0.3,12.0,98.0,0.3258713171902842,
BLAT_ECOLX_Firnberg_2014,5,random,57.99999999999999,94.0,0.9525458754492364,
BLAT_ECOLX_Firnberg_2014,5,chemotaxis,76.0,98.0,1.1527492570302353,
BLAT_ECOLX_Firnberg_2014,5,zero,57.99999999999999,94.0,0.9525458754492364,
BLAT_ECOLX_Firnberg_2014,5,zero_mem,72.0,96.0,1.1962587047209168,
BLAT_ECOLX_Firnberg_2014,5,pre,8.0,88.0,0.754598121462448,0.08735156681696313
BLAT_ECOLX_Firnberg_2014,5,pre_mem,30.0,86.0,0.8087844534192729,
BLAT_ECOLX_Firnberg_2014,5,pre_frozen,10.0,86.0,0.7589089587492328,
BLAT_ECOLX_Firnberg_2014,5,shuf_pre,36.0,88.0,0.8219173831812638,0.018770162568500042
BLAT_ECOLX_Firnberg_2014,5,shuf_pre_mem,57.99999999999999,82.0,0.939412826177465,
BLAT_ECOLX_Firnberg_2014,5,pre_a0.1,64.0,96.0,0.9525458754492364,
BLAT_ECOLX_Firnberg_2014,5,pre_a0.3,57.99999999999999,88.0,1.0353540827397427,
BLAT_ECOLX_Firnberg_2014,5,pre_mem_a0.1,70.0,96.0,1.1962587047209168,
BLAT_ECOLX_Firnberg_2014,5,pre_mem_a0.3,74.0,90.0,1.1962587047209168,
DYR_ECOLI_Nguyen_2023,5,random,28.000000000000004,88.0,0.32456504367632333,
DYR_ECOLI_Nguyen_2023,5,chemotaxis,70.0,88.0,0.3403003338576289,
DYR_ECOLI_Nguyen_2023,5,zero,34.0,88.0,0.32456504367632333,
DYR_ECOLI_Nguyen_2023,5,zero_mem,38.0,86.0,0.32456504367632333,
DYR_ECOLI_Nguyen_2023,5,pre,16.0,76.0,0.32456504367632333,-0.006862427647819715
DYR_ECOLI_Nguyen_2023,5,pre_mem,16.0,88.0,0.3088295659155625,
DYR_ECOLI_Nguyen_2023,5,pre_frozen,20.0,82.0,0.3088295659155625,
DYR_ECOLI_Nguyen_2023,5,shuf_pre,26.0,90.0,0.32456504367632333,-0.021555031400888186
DYR_ECOLI_Nguyen_2023,5,shuf_pre_mem,18.0,84.0,0.3088295659155625,
DYR_ECOLI_Nguyen_2023,5,pre_a0.1,32.0,88.0,0.32456504367632333,
DYR_ECOLI_Nguyen_2023,5,pre_a0.3,32.0,88.0,0.3088295659155625,
DYR_ECOLI_Nguyen_2023,5,pre_mem_a0.1,36.0,86.0,0.32456504367632333,
DYR_ECOLI_Nguyen_2023,5,pre_mem_a0.3,30.0,86.0,0.32456504367632333,
RASH_HUMAN_Bandaru_2017,5,random,30.0,92.0,0.8146221814615745,
RASH_HUMAN_Bandaru_2017,5,chemotaxis,74.0,100.0,1.3833056546213598,
RASH_HUMAN_Bandaru_2017,5,zero,36.0,94.0,0.8146221814615745,
RASH_HUMAN_Bandaru_2017,5,zero_mem,40.0,100.0,0.8146221814615745,
RASH_HUMAN_Bandaru_2017,5,pre,54.0,92.0,0.931284492022029,0.03916638168443635
RASH_HUMAN_Bandaru_2017,5,pre_mem,46.0,92.0,0.7618758081702802,
RASH_HUMAN_Bandaru_2017,5,pre_frozen,42.0,94.0,0.6984446003324556,
RASH_HUMAN_Bandaru_2017,5,shuf_pre,12.0,78.0,0.6046871526197946,-0.11541104455802158
RASH_HUMAN_Bandaru_2017,5,shuf_pre_mem,12.0,98.0,0.6473920077068711,
RASH_HUMAN_Bandaru_2017,5,pre_a0.1,46.0,98.0,0.8146221814615745,
RASH_HUMAN_Bandaru_2017,5,pre_a0.3,48.0,98.0,0.8152452630064981,
RASH_HUMAN_Bandaru_2017,5,pre_mem_a0.1,48.0,96.0,0.8152452630064981,
RASH_HUMAN_Bandaru_2017,5,pre_mem_a0.3,34.0,100.0,0.7507849743429534,
UBC9_HUMAN_Weile_2017,5,random,20.0,100.0,0.8412554470277667,
UBC9_HUMAN_Weile_2017,5,chemotaxis,70.0,100.0,1.3233836676068975,
UBC9_HUMAN_Weile_2017,5,zero,26.0,100.0,0.8374096380178282,
UBC9_HUMAN_Weile_2017,5,zero_mem,30.0,100.0,1.0103430864899468,
UBC9_HUMAN_Weile_2017,5,pre,44.0,94.0,1.0989483165486493,0.1214276177448744
UBC9_HUMAN_Weile_2017,5,pre_mem,28.000000000000004,92.0,1.0390406249819146,
UBC9_HUMAN_Weile_2017,5,pre_frozen,42.0,84.0,1.0989483165486493,
UBC9_HUMAN_Weile_2017,5,shuf_pre,30.0,86.0,0.8392294884814693,0.03648815594211302
UBC9_HUMAN_Weile_2017,5,shuf_pre_mem,30.0,94.0,0.8882126448769134,
UBC9_HUMAN_Weile_2017,5,pre_a0.1,24.0,98.0,0.8336251450867591,
UBC9_HUMAN_Weile_2017,5,pre_a0.3,36.0,98.0,0.9684252097473305,
UBC9_HUMAN_Weile_2017,5,pre_mem_a0.1,30.0,98.0,1.1542781711813976,
UBC9_HUMAN_Weile_2017,5,pre_mem_a0.3,32.0,96.0,1.158856008115384,
NUD15_HUMAN_Suiter_2020,5,random,60.0,94.0,0.7384800733368787,
NUD15_HUMAN_Suiter_2020,5,chemotaxis,70.0,96.0,0.8815633080559796,
NUD15_HUMAN_Suiter_2020,5,zero,62.0,92.0,0.7390917616296564,
NUD15_HUMAN_Suiter_2020,5,zero_mem,40.0,94.0,0.6755955224603087,
NUD15_HUMAN_Suiter_2020,5,pre,10.0,96.0,0.6640654356763249,0.13880490009941102
NUD15_HUMAN_Suiter_2020,5,pre_mem,26.0,94.0,0.6640654356763249,
NUD15_HUMAN_Suiter_2020,5,pre_frozen,12.0,96.0,0.6640654356763249,
NUD15_HUMAN_Suiter_2020,5,shuf_pre,8.0,90.0,0.6216589822982334,0.060563897616382624
NUD15_HUMAN_Suiter_2020,5,shuf_pre_mem,18.0,92.0,0.6358782517861679,
NUD15_HUMAN_Suiter_2020,5,pre_a0.1,62.0,94.0,0.7384800733368787,
NUD15_HUMAN_Suiter_2020,5,pre_a0.3,57.99999999999999,96.0,0.7384800733368787,
NUD15_HUMAN_Suiter_2020,5,pre_mem_a0.1,32.0,96.0,0.6755955224603087,
NUD15_HUMAN_Suiter_2020,5,pre_mem_a0.3,32.0,90.0,0.664691088140531,
TPK1_HUMAN_Weile_2017,5,random,36.0,100.0,1.1068627791900505,
TPK1_HUMAN_Weile_2017,5,chemotaxis,57.99999999999999,100.0,1.169659288391443,
TPK1_HUMAN_Weile_2017,5,zero,46.0,96.0,1.1238043119108343,
TPK1_HUMAN_Weile_2017,5,zero_mem,6.0,94.0,0.9226807487853597,
TPK1_HUMAN_Weile_2017,5,pre,24.0,98.0,1.0191320486643407,0.07647209347499556
TPK1_HUMAN_Weile_2017,5,pre_mem,40.0,100.0,1.0279569103265027,
TPK1_HUMAN_Weile_2017,5,pre_frozen,34.0,100.0,1.0191320486643407,
TPK1_HUMAN_Weile_2017,5,shuf_pre,12.0,92.0,1.1231439618159598,-0.012395720526862124
TPK1_HUMAN_Weile_2017,5,shuf_pre_mem,8.0,100.0,0.8788057650623415,
TPK1_HUMAN_Weile_2017,5,pre_a0.1,40.0,98.0,1.12536960299594,
TPK1_HUMAN_Weile_2017,5,pre_a0.3,46.0,100.0,1.1351504690965295,
TPK1_HUMAN_Weile_2017,5,pre_mem_a0.1,24.0,98.0,0.9960402912248082,
TPK1_HUMAN_Weile_2017,5,pre_mem_a0.3,16.0,100.0,1.0191320486643407,
MLAC_ECOLI_MacRae_2023,5,random,52.0,88.0,0.5572054276542098,
MLAC_ECOLI_MacRae_2023,5,chemotaxis,60.0,100.0,0.5646688996089345,
MLAC_ECOLI_MacRae_2023,5,zero,40.0,90.0,0.5315308573815852,
MLAC_ECOLI_MacRae_2023,5,zero_mem,60.0,96.0,0.5947202680071779,
MLAC_ECOLI_MacRae_2023,5,pre,44.0,86.0,0.5291593240924909,0.09849284219841953
MLAC_ECOLI_MacRae_2023,5,pre_mem,42.0,86.0,0.5302400347658108,
MLAC_ECOLI_MacRae_2023,5,pre_frozen,32.0,88.0,0.510567621238362,
MLAC_ECOLI_MacRae_2023,5,shuf_pre,12.0,82.0,0.4867764744952604,-0.003123380298980196
MLAC_ECOLI_MacRae_2023,5,shuf_pre_mem,22.0,82.0,0.4893251600846142,
MLAC_ECOLI_MacRae_2023,5,pre_a0.1,44.0,88.0,0.5377416267366837,
MLAC_ECOLI_MacRae_2023,5,pre_a0.3,46.0,96.0,0.528078613419171,
MLAC_ECOLI_MacRae_2023,5,pre_mem_a0.1,52.0,94.0,0.5577625837307454,
MLAC_ECOLI_MacRae_2023,5,pre_mem_a0.3,36.0,92.0,0.528078613419171,
KKA2_KLEPN_Melnikov_2014,5,random,68.0,96.0,1.3241515411732636,
KKA2_KLEPN_Melnikov_2014,5,chemotaxis,76.0,94.0,1.3316837530031902,
KKA2_KLEPN_Melnikov_2014,5,zero,54.0,92.0,1.2757321795832566,
KKA2_KLEPN_Melnikov_2014,5,zero_mem,52.0,94.0,1.2114476132864256,
KKA2_KLEPN_Melnikov_2014,5,pre,22.0,82.0,0.8904195275664757,0.04204043358274046
KKA2_KLEPN_Melnikov_2014,5,pre_mem,46.0,74.0,0.986411204809728,
KKA2_KLEPN_Melnikov_2014,5,pre_frozen,24.0,86.0,0.9207223109491143,
KKA2_KLEPN_Melnikov_2014,5,shuf_pre,34.0,84.0,1.0656324129117156,0.17516553612437555
KKA2_KLEPN_Melnikov_2014,5,shuf_pre_mem,46.0,86.0,1.0946004320875888,
KKA2_KLEPN_Melnikov_2014,5,pre_a0.1,57.99999999999999,92.0,1.229192910219148,
KKA2_KLEPN_Melnikov_2014,5,pre_a0.3,60.0,94.0,1.2294714956918813,
KKA2_KLEPN_Melnikov_2014,5,pre_mem_a0.1,38.0,92.0,1.1688543627041568,
KKA2_KLEPN_Melnikov_2014,5,pre_mem_a0.3,34.0,86.0,1.0036341401458806,
TPMT_HUMAN_Matreyek_2018,5,random,64.0,96.0,0.8900220143495636,
TPMT_HUMAN_Matreyek_2018,5,chemotaxis,94.0,98.0,1.0342216227797318,
TPMT_HUMAN_Matreyek_2018,5,zero,64.0,96.0,0.8900220143495636,
TPMT_HUMAN_Matreyek_2018,5,zero_mem,68.0,92.0,0.9760620376912309,
TPMT_HUMAN_Matreyek_2018,5,pre,74.0,98.0,0.9164075067441544,0.11697794126474591
TPMT_HUMAN_Matreyek_2018,5,pre_mem,82.0,98.0,1.3006614440192859,
TPMT_HUMAN_Matreyek_2018,5,pre_frozen,82.0,98.0,1.0258207820776992,
TPMT_HUMAN_Matreyek_2018,5,shuf_pre,14.000000000000002,96.0,0.687923605830668,-0.07418399228009624
TPMT_HUMAN_Matreyek_2018,5,shuf_pre_mem,22.0,92.0,0.7302523182953846,
TPMT_HUMAN_Matreyek_2018,5,pre_a0.1,60.0,96.0,0.8900220143495636,
TPMT_HUMAN_Matreyek_2018,5,pre_a0.3,60.0,96.0,0.903214760546859,
TPMT_HUMAN_Matreyek_2018,5,pre_mem_a0.1,82.0,98.0,1.3334546669757743,
TPMT_HUMAN_Matreyek_2018,5,pre_mem_a0.3,82.0,98.0,0.9659741732384908,
RNC_ECOLI_Weeks_2023,5,random,18.0,98.0,0.3274379937561512,
RNC_ECOLI_Weeks_2023,5,chemotaxis,50.0,98.0,0.344627752022009,
RNC_ECOLI_Weeks_2023,5,zero,14.000000000000002,96.0,0.3274379937561512,
RNC_ECOLI_Weeks_2023,5,zero_mem,8.0,96.0,0.3258713171902842,
RNC_ECOLI_Weeks_2023,5,pre,22.0,96.0,0.33258601035114316,0.12317320060223907
RNC_ECOLI_Weeks_2023,5,pre_mem,8.0,98.0,0.3258713171902842,
RNC_ECOLI_Weeks_2023,5,pre_frozen,38.0,98.0,0.33258601035114316,
RNC_ECOLI_Weeks_2023,5,shuf_pre,36.0,86.0,0.3258713171902842,-0.07851461704080194
RNC_ECOLI_Weeks_2023,5,shuf_pre_mem,48.0,98.0,0.3388371285925687,
RNC_ECOLI_Weeks_2023,5,pre_a0.1,20.0,98.0,0.3274379937561512,
RNC_ECOLI_Weeks_2023,5,pre_a0.3,18.0,98.0,0.3274379937561512,
RNC_ECOLI_Weeks_2023,5,pre_mem_a0.1,6.0,98.0,0.3258713171902842,
RNC_ECOLI_Weeks_2023,5,pre_mem_a0.3,4.0,90.0,0.31910663522471827,
BLAT_ECOLX_Firnberg_2014,6,random,50.0,82.0,0.9098886520021873,
BLAT_ECOLX_Firnberg_2014,6,chemotaxis,78.0,98.0,1.1962587047209168,
BLAT_ECOLX_Firnberg_2014,6,zero,44.0,80.0,0.9022193508681783,
BLAT_ECOLX_Firnberg_2014,6,zero_mem,62.0,84.0,1.1962587047209168,
BLAT_ECOLX_Firnberg_2014,6,pre,26.0,86.0,0.7916913878209164,0.1371849430832809
BLAT_ECOLX_Firnberg_2014,6,pre_mem,26.0,88.0,0.8004133311001944,
BLAT_ECOLX_Firnberg_2014,6,pre_frozen,30.0,90.0,0.7967541208907348,
BLAT_ECOLX_Firnberg_2014,6,shuf_pre,12.0,72.0,0.7240213051419011,-0.18518993977449036
BLAT_ECOLX_Firnberg_2014,6,shuf_pre_mem,22.0,84.0,0.8321431180266091,
BLAT_ECOLX_Firnberg_2014,6,pre_a0.1,48.0,80.0,0.840614449296506,
BLAT_ECOLX_Firnberg_2014,6,pre_a0.3,44.0,82.0,0.892595108747304,
BLAT_ECOLX_Firnberg_2014,6,pre_mem_a0.1,44.0,88.0,0.8446245402210553,
BLAT_ECOLX_Firnberg_2014,6,pre_mem_a0.3,60.0,90.0,1.0744022900850765,
DYR_ECOLI_Nguyen_2023,6,random,34.0,92.0,0.32456504367632333,
DYR_ECOLI_Nguyen_2023,6,chemotaxis,54.0,96.0,0.3403003338576289,
DYR_ECOLI_Nguyen_2023,6,zero,32.0,90.0,0.32456504367632333,
DYR_ECOLI_Nguyen_2023,6,zero_mem,38.0,94.0,0.32456504367632333,
DYR_ECOLI_Nguyen_2023,6,pre,24.0,88.0,0.3009619208249097,-0.02723748358167914
DYR_ECOLI_Nguyen_2023,6,pre_mem,40.0,92.0,0.32456504367632333,
DYR_ECOLI_Nguyen_2023,6,pre_frozen,38.0,82.0,0.31669730479594294,
DYR_ECOLI_Nguyen_2023,6,shuf_pre,16.0,84.0,0.2930942757342569,-0.12006395739725605
DYR_ECOLI_Nguyen_2023,6,shuf_pre_mem,8.0,86.0,0.32456504367632333,
DYR_ECOLI_Nguyen_2023,6,pre_a0.1,26.0,88.0,0.32456504367632333,
DYR_ECOLI_Nguyen_2023,6,pre_a0.3,30.0,92.0,0.32456504367632333,
DYR_ECOLI_Nguyen_2023,6,pre_mem_a0.1,26.0,92.0,0.32456504367632333,
DYR_ECOLI_Nguyen_2023,6,pre_mem_a0.3,16.0,94.0,0.32456504367632333,
RASH_HUMAN_Bandaru_2017,6,random,36.0,94.0,0.8146221814615745,
RASH_HUMAN_Bandaru_2017,6,chemotaxis,52.0,100.0,0.8961130785112901,
RASH_HUMAN_Bandaru_2017,6,zero,26.0,94.0,0.8146221814615745,
RASH_HUMAN_Bandaru_2017,6,zero_mem,24.0,88.0,0.6833402739684548,
RASH_HUMAN_Bandaru_2017,6,pre,52.0,94.0,0.9018031653901277,0.07998398806158157
RASH_HUMAN_Bandaru_2017,6,pre_mem,44.0,100.0,0.8146221814615745,
RASH_HUMAN_Bandaru_2017,6,pre_frozen,40.0,94.0,0.8146221814615745,
RASH_HUMAN_Bandaru_2017,6,shuf_pre,14.000000000000002,94.0,0.65660853820008,0.08075451325908138
RASH_HUMAN_Bandaru_2017,6,shuf_pre_mem,8.0,90.0,0.6572892756633277,
RASH_HUMAN_Bandaru_2017,6,pre_a0.1,26.0,94.0,0.8146221814615745,
RASH_HUMAN_Bandaru_2017,6,pre_a0.3,44.0,96.0,0.8146221814615745,
RASH_HUMAN_Bandaru_2017,6,pre_mem_a0.1,34.0,96.0,0.8146221814615745,
RASH_HUMAN_Bandaru_2017,6,pre_mem_a0.3,50.0,98.0,0.8951176855305678,
UBC9_HUMAN_Weile_2017,6,random,26.0,98.0,0.8972505273302154,
UBC9_HUMAN_Weile_2017,6,chemotaxis,64.0,100.0,1.200492207397439,
UBC9_HUMAN_Weile_2017,6,zero,32.0,100.0,0.9009032982637831,
UBC9_HUMAN_Weile_2017,6,zero_mem,28.000000000000004,94.0,0.847732038537413,
UBC9_HUMAN_Weile_2017,6,pre,40.0,94.0,0.9240763118356395,0.12210113779310466
UBC9_HUMAN_Weile_2017,6,pre_mem,14.000000000000002,94.0,0.7450068988078051,
UBC9_HUMAN_Weile_2017,6,pre_frozen,50.0,98.0,1.204334358957059,
UBC9_HUMAN_Weile_2017,6,shuf_pre,8.0,92.0,0.8037113430057764,0.03574857884373219
UBC9_HUMAN_Weile_2017,6,shuf_pre_mem,2.0,98.0,0.7820565478183502,
UBC9_HUMAN_Weile_2017,6,pre_a0.1,30.0,100.0,0.9992732752405625,
UBC9_HUMAN_Weile_2017,6,pre_a0.3,36.0,100.0,0.9993469083212401,
UBC9_HUMAN_Weile_2017,6,pre_mem_a0.1,22.0,86.0,0.7820565478183502,
UBC9_HUMAN_Weile_2017,6,pre_mem_a0.3,24.0,96.0,0.8037113430057764,
NUD15_HUMAN_Suiter_2020,6,random,54.0,96.0,0.7384800733368787,
NUD15_HUMAN_Suiter_2020,6,chemotaxis,74.0,98.0,0.853183361015898,
NUD15_HUMAN_Suiter_2020,6,zero,74.0,98.0,0.8145622777988893,
NUD15_HUMAN_Suiter_2020,6,zero_mem,56.00000000000001,100.0,0.8815633080559796,
NUD15_HUMAN_Suiter_2020,6,pre,36.0,98.0,0.6955945193143145,0.1945874774772991
NUD15_HUMAN_Suiter_2020,6,pre_mem,32.0,98.0,0.6794120600761778,
NUD15_HUMAN_Suiter_2020,6,pre_frozen,26.0,96.0,0.6754139882317391,
NUD15_HUMAN_Suiter_2020,6,shuf_pre,22.0,94.0,0.6136630545501509,0.04569290088151354
NUD15_HUMAN_Suiter_2020,6,shuf_pre_mem,20.0,98.0,0.637757440567004,
NUD15_HUMAN_Suiter_2020,6,pre_a0.1,76.0,100.0,0.853183361015898,
NUD15_HUMAN_Suiter_2020,6,pre_a0.3,68.0,100.0,0.8815633080559796,
NUD15_HUMAN_Suiter_2020,6,pre_mem_a0.1,42.0,98.0,0.6959059059411157,
NUD15_HUMAN_Suiter_2020,6,pre_mem_a0.3,82.0,100.0,0.8815633080559796,
TPK1_HUMAN_Weile_2017,6,random,34.0,96.0,1.1215786707308542,
TPK1_HUMAN_Weile_2017,6,chemotaxis,66.0,98.0,1.3074397015559838,
TPK1_HUMAN_Weile_2017,6,zero,38.0,94.0,1.0801097624431306,
TPK1_HUMAN_Weile_2017,6,zero_mem,22.0,96.0,0.9960402912248082,
TPK1_HUMAN_Weile_2017,6,pre,20.0,98.0,1.0402061452405125,0.00023492173263521386
TPK1_HUMAN_Weile_2017,6,pre_mem,12.0,100.0,0.9359634897618351,
TPK1_HUMAN_Weile_2017,6,pre_frozen,12.0,98.0,1.0734032281462473,
TPK1_HUMAN_Weile_2017,6,shuf_pre,6.0,92.0,0.9960402912248082,-0.011605503011929759
TPK1_HUMAN_Weile_2017,6,shuf_pre_mem,32.0,94.0,1.1200133796457485,
TPK1_HUMAN_Weile_2017,6,pre_a0.1,18.0,92.0,1.1068627791900505,
TPK1_HUMAN_Weile_2017,6,pre_a0.3,28.000000000000004,96.0,1.1068627791900505,
TPK1_HUMAN_Weile_2017,6,pre_mem_a0.1,2.0,92.0,1.1200133796457485,
TPK1_HUMAN_Weile_2017,6,pre_mem_a0.3,8.0,94.0,0.9359634897618351,
MLAC_ECOLI_MacRae_2023,6,random,30.0,92.0,0.5245204405864529,
MLAC_ECOLI_MacRae_2023,6,chemotaxis,64.0,96.0,0.5659994648061994,
MLAC_ECOLI_MacRae_2023,6,zero,42.0,92.0,0.5335827555676056,
MLAC_ECOLI_MacRae_2023,6,zero_mem,44.0,92.0,0.528078613419171,
MLAC_ECOLI_MacRae_2023,6,pre,26.0,98.0,0.5028322874335596,0.14714562429118003
MLAC_ECOLI_MacRae_2023,6,pre_mem,28.000000000000004,98.0,0.4997015270663815,
MLAC_ECOLI_MacRae_2023,6,pre_frozen,28.000000000000004,96.0,0.4997015270663815,
MLAC_ECOLI_MacRae_2023,6,shuf_pre,22.0,96.0,0.4899250984853074,0.037090319898864924
MLAC_ECOLI_MacRae_2023,6,shuf_pre_mem,26.0,94.0,0.4899250984853074,
MLAC_ECOLI_MacRae_2023,6,pre_a0.1,44.0,90.0,0.5375520022490288,
MLAC_ECOLI_MacRae_2023,6,pre_a0.3,30.0,90.0,0.522038131269829,
MLAC_ECOLI_MacRae_2023,6,pre_mem_a0.1,50.0,94.0,0.5458833823515826,
MLAC_ECOLI_MacRae_2023,6,pre_mem_a0.3,42.0,90.0,0.528078613419171,
KKA2_KLEPN_Melnikov_2014,6,random,80.0,100.0,1.3837242276717356,
KKA2_KLEPN_Melnikov_2014,6,chemotaxis,76.0,98.0,1.379128286801739,
KKA2_KLEPN_Melnikov_2014,6,zero,68.0,92.0,1.349974543977377,
KKA2_KLEPN_Melnikov_2014,6,zero_mem,42.0,96.0,1.1347913395289448,
KKA2_KLEPN_Melnikov_2014,6,pre,18.0,94.0,1.046157827371132,0.03871330678398139
KKA2_KLEPN_Melnikov_2014,6,pre_mem,4.0,90.0,0.986411204809728,
KKA2_KLEPN_Melnikov_2014,6,pre_frozen,14.000000000000002,90.0,1.0716441922271653,
KKA2_KLEPN_Melnikov_2014,6,shuf_pre,38.0,98.0,1.0586688829089264,0.05550783628513419
KKA2_KLEPN_Melnikov_2014,6,shuf_pre_mem,38.0,94.0,1.0509161934223905,
KKA2_KLEPN_Melnikov_2014,6,pre_a0.1,56.00000000000001,98.0,1.266969852956366,
KKA2_KLEPN_Melnikov_2014,6,pre_a0.3,64.0,96.0,1.3256486752205134,
KKA2_KLEPN_Melnikov_2014,6,pre_mem_a0.1,40.0,96.0,1.0649360045706595,
KKA2_KLEPN_Melnikov_2014,6,pre_mem_a0.3,50.0,98.0,1.2068517277572064,
TPMT_HUMAN_Matreyek_2018,6,random,66.0,94.0,0.8900220143495636,
TPMT_HUMAN_Matreyek_2018,6,chemotaxis,92.0,96.0,1.0173402109298757,
TPMT_HUMAN_Matreyek_2018,6,zero,52.0,92.0,0.8838753707967041,
TPMT_HUMAN_Matreyek_2018,6,zero_mem,80.0,94.0,1.3334546669757743,
TPMT_HUMAN_Matreyek_2018,6,pre,8.0,88.0,0.6878604858944171,0.0532705728934246
TPMT_HUMAN_Matreyek_2018,6,pre_mem,46.0,94.0,0.7933235555524667,
TPMT_HUMAN_Matreyek_2018,6,pre_frozen,6.0,90.0,0.6878604858944171,
TPMT_HUMAN_Matreyek_2018,6,shuf_pre,36.0,98.0,0.6683734891163068,0.00916571435090394
TPMT_HUMAN_Matreyek_2018,6,shuf_pre_mem,24.0,90.0,0.6018554956274155,
TPMT_HUMAN_Matreyek_2018,6,pre_a0.1,62.0,94.0,0.8900220143495636,
TPMT_HUMAN_Matreyek_2018,6,pre_a0.3,52.0,92.0,0.8838753707967041,
TPMT_HUMAN_Matreyek_2018,6,pre_mem_a0.1,86.0,96.0,1.3006614440192859,
TPMT_HUMAN_Matreyek_2018,6,pre_mem_a0.3,80.0,98.0,1.511749309296449,
RNC_ECOLI_Weeks_2023,6,random,14.000000000000002,100.0,0.3274379937561512,
RNC_ECOLI_Weeks_2023,6,chemotaxis,48.0,100.0,0.338991262525985,
RNC_ECOLI_Weeks_2023,6,zero,18.0,100.0,0.3258713171902842,
RNC_ECOLI_Weeks_2023,6,zero_mem,4.0,80.0,0.31751085030428877,
RNC_ECOLI_Weeks_2023,6,pre,6.0,92.0,0.3274379937561512,0.1221036531380015
RNC_ECOLI_Weeks_2023,6,pre_mem,4.0,94.0,0.3274379937561512,
RNC_ECOLI_Weeks_2023,6,pre_frozen,4.0,88.0,0.3274379937561512,
RNC_ECOLI_Weeks_2023,6,shuf_pre,34.0,98.0,0.3274379937561512,0.01975307669292686
RNC_ECOLI_Weeks_2023,6,shuf_pre_mem,42.0,90.0,0.3274379937561512,
RNC_ECOLI_Weeks_2023,6,pre_a0.1,14.000000000000002,98.0,0.3274379937561512,
RNC_ECOLI_Weeks_2023,6,pre_a0.3,26.0,100.0,0.3274379937561512,
RNC_ECOLI_Weeks_2023,6,pre_mem_a0.1,14.000000000000002,84.0,0.31751085030428877,
RNC_ECOLI_Weeks_2023,6,pre_mem_a0.3,8.0,84.0,0.3258713171902842,
BLAT_ECOLX_Firnberg_2014,7,random,48.0,96.0,0.9022193508681783,
BLAT_ECOLX_Firnberg_2014,7,chemotaxis,76.0,96.0,1.1962587047209168,
BLAT_ECOLX_Firnberg_2014,7,zero,60.0,94.0,0.9525458754492364,
BLAT_ECOLX_Firnberg_2014,7,zero_mem,66.0,96.0,1.1962587047209168,
BLAT_ECOLX_Firnberg_2014,7,pre,22.0,88.0,0.7852752662435937,0.03184002242666654
BLAT_ECOLX_Firnberg_2014,7,pre_mem,68.0,92.0,1.1962587047209168,
BLAT_ECOLX_Firnberg_2014,7,pre_frozen,28.000000000000004,84.0,0.7876312222984031,
BLAT_ECOLX_Firnberg_2014,7,shuf_pre,57.99999999999999,92.0,0.9467312465963844,0.06975821609573185
BLAT_ECOLX_Firnberg_2014,7,shuf_pre_mem,56.00000000000001,88.0,0.9409166177435324,
BLAT_ECOLX_Firnberg_2014,7,pre_a0.1,42.0,86.0,0.859511993068275,
BLAT_ECOLX_Firnberg_2014,7,pre_a0.3,40.0,78.0,0.8774069692927391,
BLAT_ECOLX_Firnberg_2014,7,pre_mem_a0.1,66.0,98.0,1.1962587047209168,
BLAT_ECOLX_Firnberg_2014,7,pre_mem_a0.3,60.0,90.0,0.962470804177456,
DYR_ECOLI_Nguyen_2023,7,random,40.0,94.0,0.32456504367632333,
DYR_ECOLI_Nguyen_2023,7,chemotaxis,57.99999999999999,96.0,0.3403003338576289,
DYR_ECOLI_Nguyen_2023,7,zero,32.0,98.0,0.32456504367632333,
DYR_ECOLI_Nguyen_2023,7,zero_mem,22.0,90.0,0.32456504367632333,
DYR_ECOLI_Nguyen_2023,7,pre,8.0,80.0,0.3088295659155625,0.09912599023718152
DYR_ECOLI_Nguyen_2023,7,pre_mem,10.0,84.0,0.3088295659155625,
DYR_ECOLI_Nguyen_2023,7,pre_frozen,6.0,80.0,0.2930942757342569,
DYR_ECOLI_Nguyen_2023,7,shuf_pre,20.0,86.0,0.3088295659155625,-0.06516458539779713
DYR_ECOLI_Nguyen_2023,7,shuf_pre_mem,14.000000000000002,90.0,0.2930942757342569,
DYR_ECOLI_Nguyen_2023,7,pre_a0.1,30.0,94.0,0.32456504367632333,
DYR_ECOLI_Nguyen_2023,7,pre_a0.3,30.0,94.0,0.32456504367632333,
DYR_ECOLI_Nguyen_2023,7,pre_mem_a0.1,26.0,94.0,0.32456504367632333,
DYR_ECOLI_Nguyen_2023,7,pre_mem_a0.3,34.0,98.0,0.32456504367632333,
RASH_HUMAN_Bandaru_2017,7,random,50.0,92.0,0.8567750418792706,
RASH_HUMAN_Bandaru_2017,7,chemotaxis,70.0,100.0,1.3833056546213598,
RASH_HUMAN_Bandaru_2017,7,zero,34.0,86.0,0.804105167609109,
RASH_HUMAN_Bandaru_2017,7,zero_mem,50.0,92.0,1.1715648689261364,
RASH_HUMAN_Bandaru_2017,7,pre,34.0,86.0,0.750314007224689,-0.037955761206170634
RASH_HUMAN_Bandaru_2017,7,pre_mem,57.99999999999999,92.0,1.4039596392539353,
RASH_HUMAN_Bandaru_2017,7,pre_frozen,26.0,82.0,0.7453340822087955,
RASH_HUMAN_Bandaru_2017,7,shuf_pre,26.0,76.0,0.7312044501299346,-0.05516144595948028
RASH_HUMAN_Bandaru_2017,7,shuf_pre_mem,24.0,76.0,0.6521574350342867,
RASH_HUMAN_Bandaru_2017,7,pre_a0.1,42.0,92.0,0.8146221814615745,
RASH_HUMAN_Bandaru_2017,7,pre_a0.3,52.0,86.0,0.9534488408107951,
RASH_HUMAN_Bandaru_2017,7,pre_mem_a0.1,46.0,92.0,0.8146221814615745,
RASH_HUMAN_Bandaru_2017,7,pre_mem_a0.3,42.0,96.0,0.8158683445514217,
UBC9_HUMAN_Weile_2017,7,random,18.0,100.0,0.8360593934178799,
UBC9_HUMAN_Weile_2017,7,chemotaxis,62.0,100.0,1.2442895833155085,
UBC9_HUMAN_Weile_2017,7,zero,20.0,100.0,0.8392294884814693,
UBC9_HUMAN_Weile_2017,7,zero_mem,30.0,98.0,0.8639472907385994,
UBC9_HUMAN_Weile_2017,7,pre,20.0,90.0,0.8214704157436228,0.18618655682219928
UBC9_HUMAN_Weile_2017,7,pre_mem,18.0,86.0,0.811393817399857,
UBC9_HUMAN_Weile_2017,7,pre_frozen,32.0,96.0,0.9997230340576739,
UBC9_HUMAN_Weile_2017,7,shuf_pre,14.000000000000002,100.0,0.6809011534938367,-0.12385138394559189
UBC9_HUMAN_Weile_2017,7,shuf_pre_mem,18.0,100.0,0.8037113430057764,
UBC9_HUMAN_Weile_2017,7,pre_a0.1,22.0,100.0,0.8392294884814693,
UBC9_HUMAN_Weile_2017,7,pre_a0.3,28.000000000000004,98.0,0.8366962738476117,
UBC9_HUMAN_Weile_2017,7,pre_mem_a0.1,26.0,92.0,0.7927439941513452,
UBC9_HUMAN_Weile_2017,7,pre_mem_a0.3,24.0,86.0,1.0012169411546927,
NUD15_HUMAN_Suiter_2020,7,random,44.0,90.0,0.7050458160423536,
NUD15_HUMAN_Suiter_2020,7,chemotaxis,76.0,96.0,0.8815633080559796,
NUD15_HUMAN_Suiter_2020,7,zero,60.0,84.0,0.7384800733368787,
NUD15_HUMAN_Suiter_2020,7,zero_mem,32.0,80.0,0.6555448437759647,
NUD15_HUMAN_Suiter_2020,7,pre,38.0,90.0,0.6755955224603087,0.15156447565099082
NUD15_HUMAN_Suiter_2020,7,pre_mem,46.0,86.0,0.6953797302032709,
NUD15_HUMAN_Suiter_2020,7,pre_frozen,42.0,84.0,0.6882186295697608,
NUD15_HUMAN_Suiter_2020,7,shuf_pre,34.0,72.0,0.6571326564436961,-0.0976688361477096
NUD15_HUMAN_Suiter_2020,7,shuf_pre_mem,34.0,92.0,0.6573548595220445,
NUD15_HUMAN_Suiter_2020,7,pre_a0.1,56.00000000000001,88.0,0.7384800733368787,
NUD15_HUMAN_Suiter_2020,7,pre_a0.3,44.0,86.0,0.7056897514938938,
NUD15_HUMAN_Suiter_2020,7,pre_mem_a0.1,44.0,86.0,0.6755955224603087,
NUD15_HUMAN_Suiter_2020,7,pre_mem_a0.3,40.0,82.0,0.6709879937113101,
TPK1_HUMAN_Weile_2017,7,random,32.0,96.0,1.0783570876393467,
TPK1_HUMAN_Weile_2017,7,chemotaxis,64.0,96.0,1.2784601875357708,
TPK1_HUMAN_Weile_2017,7,zero,22.0,92.0,1.0734032281462473,
TPK1_HUMAN_Weile_2017,7,zero_mem,10.0,94.0,0.9333578942261903,
TPK1_HUMAN_Weile_2017,7,pre,28.000000000000004,100.0,1.12759524417592,0.03562126716411038
TPK1_HUMAN_Weile_2017,7,pre_mem,40.0,88.0,1.12759524417592,
TPK1_HUMAN_Weile_2017,7,pre_frozen,30.0,98.0,1.12759524417592,
TPK1_HUMAN_Weile_2017,7,shuf_pre,26.0,80.0,0.9674933057613616,-0.013187867345666978
TPK1_HUMAN_Weile_2017,7,shuf_pre_mem,24.0,86.0,1.1068627791900505,
TPK1_HUMAN_Weile_2017,7,pre_a0.1,30.0,96.0,1.0410513107741268,
TPK1_HUMAN_Weile_2017,7,pre_a0.3,46.0,98.0,1.12759524417592,
TPK1_HUMAN_Weile_2017,7,pre_mem_a0.1,16.0,94.0,1.0734032281462473,
TPK1_HUMAN_Weile_2017,7,pre_mem_a0.3,6.0,92.0,1.0081125162567555,
MLAC_ECOLI_MacRae_2023,7,random,46.0,92.0,0.535918243259534,
MLAC_ECOLI_MacRae_2023,7,chemotaxis,64.0,98.0,0.5587561071904076,
MLAC_ECOLI_MacRae_2023,7,zero,48.0,96.0,0.5487551484280129,
MLAC_ECOLI_MacRae_2023,7,zero_mem,46.0,96.0,0.5412537413063563,
MLAC_ECOLI_MacRae_2023,7,pre,12.0,90.0,0.48362785050521345,0.06847246076049185
MLAC_ECOLI_MacRae_2023,7,pre_mem,24.0,94.0,0.528078613419171,
MLAC_ECOLI_MacRae_2023,7,pre_frozen,8.0,96.0,0.4771093174744838,
MLAC_ECOLI_MacRae_2023,7,shuf_pre,10.0,82.0,0.4750853828671195,0.023267864677453263
MLAC_ECOLI_MacRae_2023,7,shuf_pre_mem,6.0,86.0,0.4750853828671195,
MLAC_ECOLI_MacRae_2023,7,pre_a0.1,44.0,96.0,0.5375520022490288,
MLAC_ECOLI_MacRae_2023,7,pre_a0.3,50.0,98.0,0.5561016005594595,
MLAC_ECOLI_MacRae_2023,7,pre_mem_a0.1,56.00000000000001,92.0,0.5577570587930601,
MLAC_ECOLI_MacRae_2023,7,pre_mem_a0.3,48.0,98.0,0.5487551484280129,
KKA2_KLEPN_Melnikov_2014,7,random,62.0,98.0,1.2384891646650558,
KKA2_KLEPN_Melnikov_2014,7,chemotaxis,82.0,96.0,1.349974543977377,
KKA2_KLEPN_Melnikov_2014,7,zero,48.0,92.0,1.1796013202851923,
KKA2_KLEPN_Melnikov_2014,7,zero_mem,34.0,90.0,1.067454508003044,
KKA2_KLEPN_Melnikov_2014,7,pre,28.000000000000004,90.0,1.0363393220102095,0.18254513730920144
KKA2_KLEPN_Melnikov_2014,7,pre_mem,48.0,98.0,1.1903482778662278,
KKA2_KLEPN_Melnikov_2014,7,pre_frozen,40.0,92.0,1.0692766030943723,
KKA2_KLEPN_Melnikov_2014,7,shuf_pre,20.0,88.0,0.9923649316498302,0.05449631738306013
KKA2_KLEPN_Melnikov_2014,7,shuf_pre_mem,20.0,90.0,1.0440687683702954,
KKA2_KLEPN_Melnikov_2014,7,pre_a0.1,56.00000000000001,96.0,1.2389186090966033,
KKA2_KLEPN_Melnikov_2014,7,pre_a0.3,48.0,94.0,1.1688543627041568,
KKA2_KLEPN_Melnikov_2014,7,pre_mem_a0.1,48.0,90.0,1.0692766030943723,
KKA2_KLEPN_Melnikov_2014,7,pre_mem_a0.3,54.0,90.0,1.2114476132864256,
TPMT_HUMAN_Matreyek_2018,7,random,54.0,88.0,0.8838753707967041,
TPMT_HUMAN_Matreyek_2018,7,chemotaxis,92.0,96.0,1.0342216227797318,
TPMT_HUMAN_Matreyek_2018,7,zero,54.0,84.0,0.8838753707967041,
TPMT_HUMAN_Matreyek_2018,7,zero_mem,68.0,92.0,0.8838753707967041,
TPMT_HUMAN_Matreyek_2018,7,pre,46.0,94.0,0.7574695442040194,0.1458596599112614
TPMT_HUMAN_Matreyek_2018,7,pre_mem,46.0,90.0,0.7496951462185826,
TPMT_HUMAN_Matreyek_2018,7,pre_frozen,40.0,92.0,0.6878604858944171,
TPMT_HUMAN_Matreyek_2018,7,shuf_pre,14.000000000000002,96.0,0.6877091792529734,0.09360592690461565
TPMT_HUMAN_Matreyek_2018,7,shuf_pre_mem,30.0,96.0,0.7661240726881132,
TPMT_HUMAN_Matreyek_2018,7,pre_a0.1,56.00000000000001,92.0,0.8900220143495636,
TPMT_HUMAN_Matreyek_2018,7,pre_a0.3,62.0,88.0,0.8900220143495636,
TPMT_HUMAN_Matreyek_2018,7,pre_mem_a0.1,52.0,88.0,0.8838753707967041,
TPMT_HUMAN_Matreyek_2018,7,pre_mem_a0.3,64.0,90.0,0.8900220143495636,
RNC_ECOLI_Weeks_2023,7,random,4.0,100.0,0.3258713171902842,
RNC_ECOLI_Weeks_2023,7,chemotaxis,60.0,100.0,0.3557198242510302,
RNC_ECOLI_Weeks_2023,7,zero,14.000000000000002,96.0,0.3274379937561512,
RNC_ECOLI_Weeks_2023,7,zero_mem,12.0,100.0,0.3258713171902842,
RNC_ECOLI_Weeks_2023,7,pre,24.0,96.0,0.3274379937561512,0.14039337014087858
RNC_ECOLI_Weeks_2023,7,pre_mem,24.0,100.0,0.3258713171902842,
RNC_ECOLI_Weeks_2023,7,pre_frozen,22.0,98.0,0.3274379937561512,
RNC_ECOLI_Weeks_2023,7,shuf_pre,4.0,98.0,0.3245023513823398,-0.03988080668576153
RNC_ECOLI_Weeks_2023,7,shuf_pre_mem,8.0,90.0,0.3193762383688359,
RNC_ECOLI_Weeks_2023,7,pre_a0.1,18.0,100.0,0.3274379937561512,
RNC_ECOLI_Weeks_2023,7,pre_a0.3,18.0,100.0,0.3274379937561512,
RNC_ECOLI_Weeks_2023,7,pre_mem_a0.1,42.0,100.0,0.3274379937561512,
RNC_ECOLI_Weeks_2023,7,pre_mem_a0.3,28.000000000000004,100.0,0.32638444434267333,
BLAT_ECOLX_Firnberg_2014,8,random,50.0,94.0,0.9091367562191537,
BLAT_ECOLX_Firnberg_2014,8,chemotaxis,88.0,100.0,1.1962587047209168,
BLAT_ECOLX_Firnberg_2014,8,zero,56.00000000000001,86.0,0.9939499790944896,
BLAT_ECOLX_Firnberg_2014,8,zero_mem,60.0,94.0,1.1962587047209168,
BLAT_ECOLX_Firnberg_2014,8,pre,36.0,100.0,0.8440731818494387,0.10846480123582154
BLAT_ECOLX_Firnberg_2014,8,pre_mem,28.000000000000004,96.0,0.8868807486001604,
BLAT_ECOLX_Firnberg_2014,8,pre_frozen,34.0,98.0,0.8440731818494387,
BLAT_ECOLX_Firnberg_2014,8,shuf_pre,36.0,88.0,0.8440731818494387,0.05612810764765523
BLAT_ECOLX_Firnberg_2014,8,shuf_pre_mem,60.0,84.0,1.1962587047209168,
BLAT_ECOLX_Firnberg_2014,8,pre_a0.1,52.0,94.0,0.9370067955246916,
BLAT_ECOLX_Firnberg_2014,8,pre_a0.3,60.0,92.0,1.0964075661849084,
BLAT_ECOLX_Firnberg_2014,8,pre_mem_a0.1,64.0,88.0,0.9525458754492364,
BLAT_ECOLX_Firnberg_2014,8,pre_mem_a0.3,66.0,98.0,1.1962587047209168,
DYR_ECOLI_Nguyen_2023,8,random,38.0,84.0,0.31669730479594294,
DYR_ECOLI_Nguyen_2023,8,chemotaxis,74.0,92.0,0.3481679789482817,
DYR_ECOLI_Nguyen_2023,8,zero,36.0,82.0,0.32456504367632333,
DYR_ECOLI_Nguyen_2023,8,zero_mem,44.0,84.0,0.32456504367632333,
DYR_ECOLI_Nguyen_2023,8,pre,66.0,86.0,0.3560356240389345,0.0962488395273271
DYR_ECOLI_Nguyen_2023,8,pre_mem,62.0,84.0,0.3481679789482817,
DYR_ECOLI_Nguyen_2023,8,pre_frozen,54.0,84.0,0.3560356240389345,
DYR_ECOLI_Nguyen_2023,8,shuf_pre,40.0,82.0,0.3088295659155625,0.06980361038440995
DYR_ECOLI_Nguyen_2023,8,shuf_pre_mem,38.0,88.0,0.32456504367632333,
DYR_ECOLI_Nguyen_2023,8,pre_a0.1,38.0,82.0,0.32456504367632333,
DYR_ECOLI_Nguyen_2023,8,pre_a0.3,50.0,84.0,0.3324326887669761,
DYR_ECOLI_Nguyen_2023,8,pre_mem_a0.1,26.0,82.0,0.32456504367632333,
DYR_ECOLI_Nguyen_2023,8,pre_mem_a0.3,66.0,90.0,0.3639032691295873,
RASH_HUMAN_Bandaru_2017,8,random,18.0,78.0,0.708315867899691,
RASH_HUMAN_Bandaru_2017,8,chemotaxis,82.0,100.0,1.527261393300851,
RASH_HUMAN_Bandaru_2017,8,zero,32.0,78.0,0.7216644058727959,
RASH_HUMAN_Bandaru_2017,8,zero_mem,36.0,100.0,0.8146221814615745,
RASH_HUMAN_Bandaru_2017,8,pre,57.99999999999999,90.0,0.975613189599561,0.035637587603340085
RASH_HUMAN_Bandaru_2017,8,pre_mem,54.0,84.0,0.975613189599561,
RASH_HUMAN_Bandaru_2017,8,pre_frozen,64.0,90.0,0.975613189599561,
RASH_HUMAN_Bandaru_2017,8,shuf_pre,62.0,88.0,0.9541505199639168,0.025987863974549677
RASH_HUMAN_Bandaru_2017,8,shuf_pre_mem,54.0,92.0,0.9541505199639168,
RASH_HUMAN_Bandaru_2017,8,pre_a0.1,36.0,86.0,0.8119923867838992,
RASH_HUMAN_Bandaru_2017,8,pre_a0.3,42.0,86.0,0.8146221814615745,
RASH_HUMAN_Bandaru_2017,8,pre_mem_a0.1,54.0,98.0,0.975613189599561,
RASH_HUMAN_Bandaru_2017,8,pre_mem_a0.3,62.0,94.0,0.975613189599561,
UBC9_HUMAN_Weile_2017,8,random,28.000000000000004,100.0,0.843281405574064,
UBC9_HUMAN_Weile_2017,8,chemotaxis,78.0,100.0,1.200492207397439,
UBC9_HUMAN_Weile_2017,8,zero,12.0,98.0,0.8368271352685674,
UBC9_HUMAN_Weile_2017,8,zero_mem,34.0,92.0,1.1947524845549087,
UBC9_HUMAN_Weile_2017,8,pre,4.0,66.0,0.7160489821247782,0.1722406636976369
UBC9_HUMAN_Weile_2017,8,pre_mem,30.0,86.0,1.109318747996682,
UBC9_HUMAN_Weile_2017,8,pre_frozen,12.0,60.0,0.6305786172773318,
UBC9_HUMAN_Weile_2017,8,shuf_pre,26.0,100.0,0.9457226626157126,0.05706899702846908
UBC9_HUMAN_Weile_2017,8,shuf_pre_mem,60.0,98.0,1.200492207397439,
UBC9_HUMAN_Weile_2017,8,pre_a0.1,22.0,98.0,0.847732038537413,
UBC9_HUMAN_Weile_2017,8,pre_a0.3,28.000000000000004,98.0,1.051877791525662,
UBC9_HUMAN_Weile_2017,8,pre_mem_a0.1,48.0,94.0,1.1947524845549087,
UBC9_HUMAN_Weile_2017,8,pre_mem_a0.3,40.0,96.0,1.1947524845549087,
NUD15_HUMAN_Suiter_2020,8,random,52.0,94.0,0.7384800733368787,
NUD15_HUMAN_Suiter_2020,8,chemotaxis,78.0,100.0,0.8815633080559796,
NUD15_HUMAN_Suiter_2020,8,zero,57.99999999999999,96.0,0.7384800733368787,
NUD15_HUMAN_Suiter_2020,8,zero_mem,32.0,98.0,0.6755955224603087,
NUD15_HUMAN_Suiter_2020,8,pre,22.0,88.0,0.6269063436236617,0.1669914859076406
NUD15_HUMAN_Suiter_2020,8,pre_mem,28.000000000000004,98.0,0.6583362384563503,
NUD15_HUMAN_Suiter_2020,8,pre_frozen,24.0,90.0,0.6376470948206133,
NUD15_HUMAN_Suiter_2020,8,shuf_pre,22.0,90.0,0.6755955224603087,-0.027959505646250535
NUD15_HUMAN_Suiter_2020,8,shuf_pre_mem,22.0,90.0,0.6755955224603087,
NUD15_HUMAN_Suiter_2020,8,pre_a0.1,50.0,94.0,0.7165456711149976,
NUD15_HUMAN_Suiter_2020,8,pre_a0.3,66.0,96.0,0.7606767716447662,
NUD15_HUMAN_Suiter_2020,8,pre_mem_a0.1,48.0,96.0,0.6955945193143145,
NUD15_HUMAN_Suiter_2020,8,pre_mem_a0.3,44.0,98.0,0.6813273109698267,
TPK1_HUMAN_Weile_2017,8,random,54.0,100.0,1.1671679057754332,
TPK1_HUMAN_Weile_2017,8,chemotaxis,64.0,100.0,1.3074397015559838,
TPK1_HUMAN_Weile_2017,8,zero,42.0,98.0,1.1215786707308542,
TPK1_HUMAN_Weile_2017,8,zero_mem,26.0,94.0,1.0020764037407819,
TPK1_HUMAN_Weile_2017,8,pre,28.000000000000004,98.0,1.0364356584980774,0.06903567390360671
TPK1_HUMAN_Weile_2017,8,pre_mem,2.0,100.0,0.8820607325550831,
TPK1_HUMAN_Weile_2017,8,pre_frozen,18.0,96.0,0.9359634897618351,
TPK1_HUMAN_Weile_2017,8,shuf_pre,18.0,96.0,1.1124462701356181,-0.01875991558385523
TPK1_HUMAN_Weile_2017,8,shuf_pre_mem,14.000000000000002,80.0,0.9960402912248082,
TPK1_HUMAN_Weile_2017,8,pre_a0.1,34.0,100.0,1.1215786707308542,
TPK1_HUMAN_Weile_2017,8,pre_a0.3,34.0,100.0,1.1068627791900505,
TPK1_HUMAN_Weile_2017,8,pre_mem_a0.1,12.0,80.0,0.9377960330358752,
TPK1_HUMAN_Weile_2017,8,pre_mem_a0.3,32.0,94.0,1.083310947132446,
MLAC_ECOLI_MacRae_2023,8,random,44.0,98.0,0.5430641545301669,
MLAC_ECOLI_MacRae_2023,8,chemotaxis,76.0,100.0,0.5936241943101086,
MLAC_ECOLI_MacRae_2023,8,zero,46.0,96.0,0.5445955584008717,
MLAC_ECOLI_MacRae_2023,8,zero_mem,38.0,90.0,0.5407840086396992,
MLAC_ECOLI_MacRae_2023,8,pre,20.0,94.0,0.49481691733556105,0.09421714492812273
MLAC_ECOLI_MacRae_2023,8,pre_mem,52.0,94.0,0.5567618819598528,
MLAC_ECOLI_MacRae_2023,8,pre_frozen,16.0,88.0,0.48685203674709715,
MLAC_ECOLI_MacRae_2023,8,shuf_pre,52.0,92.0,0.5577681086684307,-0.05510676892349097
MLAC_ECOLI_MacRae_2023,8,shuf_pre_mem,46.0,90.0,0.5430641545301669,
MLAC_ECOLI_MacRae_2023,8,pre_a0.1,52.0,90.0,0.556452701106897,
MLAC_ECOLI_MacRae_2023,8,pre_a0.3,44.0,92.0,0.5407840086396992,
MLAC_ECOLI_MacRae_2023,8,pre_mem_a0.1,48.0,98.0,0.5430641545301669,
MLAC_ECOLI_MacRae_2023,8,pre_mem_a0.3,48.0,96.0,0.5453959452377706,
KKA2_KLEPN_Melnikov_2014,8,random,74.0,94.0,1.349974543977377,
KKA2_KLEPN_Melnikov_2014,8,chemotaxis,72.0,94.0,1.3234784312994343,
KKA2_KLEPN_Melnikov_2014,8,zero,76.0,94.0,1.349974543977377,
KKA2_KLEPN_Melnikov_2014,8,zero_mem,38.0,96.0,1.1285241625264342,
KKA2_KLEPN_Melnikov_2014,8,pre,48.0,94.0,1.162030125437734,0.20203047087250206
KKA2_KLEPN_Melnikov_2014,8,pre_mem,30.0,86.0,0.9878038001287311,
KKA2_KLEPN_Melnikov_2014,8,pre_frozen,24.0,96.0,1.0317318149177654,
KKA2_KLEPN_Melnikov_2014,8,shuf_pre,18.0,94.0,1.01999835264127,-0.021980825129544412
KKA2_KLEPN_Melnikov_2014,8,shuf_pre_mem,30.0,98.0,1.007881876845349,
KKA2_KLEPN_Melnikov_2014,8,pre_a0.1,66.0,94.0,1.3622534449545598,
KKA2_KLEPN_Melnikov_2014,8,pre_a0.3,52.0,98.0,1.2114476132864256,
KKA2_KLEPN_Melnikov_2014,8,pre_mem_a0.1,76.0,98.0,1.3745323459317424,
KKA2_KLEPN_Melnikov_2014,8,pre_mem_a0.3,30.0,92.0,0.9878038001287311,
TPMT_HUMAN_Matreyek_2018,8,random,52.0,90.0,0.8838753707967041,
TPMT_HUMAN_Matreyek_2018,8,chemotaxis,90.0,90.0,1.049658071304264,
TPMT_HUMAN_Matreyek_2018,8,zero,60.0,90.0,0.8900220143495636,
TPMT_HUMAN_Matreyek_2018,8,zero_mem,32.0,90.0,0.7870563348008118,
TPMT_HUMAN_Matreyek_2018,8,pre,32.0,90.0,0.7120731726365795,0.1906606548121664
TPMT_HUMAN_Matreyek_2018,8,pre_mem,66.0,90.0,0.9618355892843518,
TPMT_HUMAN_Matreyek_2018,8,pre_frozen,40.0,84.0,0.7469586402742288,
TPMT_HUMAN_Matreyek_2018,8,shuf_pre,38.0,94.0,0.6836603675526651,0.03343750025048416
TPMT_HUMAN_Matreyek_2018,8,shuf_pre_mem,62.0,92.0,0.8900220143495636,
TPMT_HUMAN_Matreyek_2018,8,pre_a0.1,66.0,88.0,0.9259288018169577,
TPMT_HUMAN_Matreyek_2018,8,pre_a0.3,60.0,90.0,0.9178599447987713,
TPMT_HUMAN_Matreyek_2018,8,pre_mem_a0.1,57.99999999999999,92.0,0.9136205652526528,
TPMT_HUMAN_Matreyek_2018,8,pre_mem_a0.3,78.0,90.0,0.9618355892843518,
RNC_ECOLI_Weeks_2023,8,random,18.0,100.0,0.3274379937561512,
RNC_ECOLI_Weeks_2023,8,chemotaxis,48.0,100.0,0.3417187699869275,
RNC_ECOLI_Weeks_2023,8,zero,24.0,98.0,0.3274379937561512,
RNC_ECOLI_Weeks_2023,8,zero_mem,8.0,94.0,0.3258713171902842,
RNC_ECOLI_Weeks_2023,8,pre,26.0,100.0,0.3274379937561512,0.16016508258681142
RNC_ECOLI_Weeks_2023,8,pre_mem,14.000000000000002,98.0,0.3258713171902842,
RNC_ECOLI_Weeks_2023,8,pre_frozen,18.0,98.0,0.3274379937561512,
RNC_ECOLI_Weeks_2023,8,shuf_pre,24.0,76.0,0.32279244714177757,0.06269320906660296
RNC_ECOLI_Weeks_2023,8,shuf_pre_mem,44.0,74.0,0.32524892121740473,
RNC_ECOLI_Weeks_2023,8,pre_a0.1,22.0,100.0,0.3274379937561512,
RNC_ECOLI_Weeks_2023,8,pre_a0.3,18.0,100.0,0.3274379937561512,
RNC_ECOLI_Weeks_2023,8,pre_mem_a0.1,10.0,100.0,0.3258713171902842,
RNC_ECOLI_Weeks_2023,8,pre_mem_a0.3,22.0,100.0,0.3258713171902842,
BLAT_ECOLX_Firnberg_2014,9,random,57.99999999999999,86.0,0.9525458754492364,
BLAT_ECOLX_Firnberg_2014,9,chemotaxis,86.0,96.0,1.1962587047209168,
BLAT_ECOLX_Firnberg_2014,9,zero,54.0,86.0,0.9525458754492364,
BLAT_ECOLX_Firnberg_2014,9,zero_mem,72.0,86.0,1.1962587047209168,
BLAT_ECOLX_Firnberg_2014,9,pre,30.0,86.0,0.7969045239492976,0.11412893955092306
BLAT_ECOLX_Firnberg_2014,9,pre_mem,38.0,88.0,0.8091854087323267,
BLAT_ECOLX_Firnberg_2014,9,pre_frozen,22.0,82.0,0.7856261469586834,
BLAT_ECOLX_Firnberg_2014,9,shuf_pre,26.0,66.0,0.7116401516531634,-0.15130873810839393
BLAT_ECOLX_Firnberg_2014,9,shuf_pre_mem,24.0,74.0,0.6853239785116569,
BLAT_ECOLX_Firnberg_2014,9,pre_a0.1,68.0,86.0,1.0685375268793704,
BLAT_ECOLX_Firnberg_2014,9,pre_a0.3,44.0,80.0,0.892595108747304,
BLAT_ECOLX_Firnberg_2014,9,pre_mem_a0.1,66.0,84.0,1.1962587047209168,
BLAT_ECOLX_Firnberg_2014,9,pre_mem_a0.3,57.99999999999999,82.0,0.9525458754492364,
DYR_ECOLI_Nguyen_2023,9,random,32.0,90.0,0.32456504367632333,
DYR_ECOLI_Nguyen_2023,9,chemotaxis,56.00000000000001,94.0,0.3403003338576289,
DYR_ECOLI_Nguyen_2023,9,zero,32.0,90.0,0.32456504367632333,
DYR_ECOLI_Nguyen_2023,9,zero_mem,34.0,92.0,0.32456504367632333,
DYR_ECOLI_Nguyen_2023,9,pre,40.0,80.0,0.32456504367632333,0.13816534845030373
DYR_ECOLI_Nguyen_2023,9,pre_mem,42.0,90.0,0.32456504367632333,
DYR_ECOLI_Nguyen_2023,9,pre_frozen,38.0,84.0,0.32456504367632333,
DYR_ECOLI_Nguyen_2023,9,shuf_pre,20.0,86.0,0.3088295659155625,0.04814068313652304
DYR_ECOLI_Nguyen_2023,9,shuf_pre_mem,14.000000000000002,78.0,0.31669730479594294,
DYR_ECOLI_Nguyen_2023,9,pre_a0.1,32.0,88.0,0.32456504367632333,
DYR_ECOLI_Nguyen_2023,9,pre_a0.3,40.0,94.0,0.32456504367632333,
DYR_ECOLI_Nguyen_2023,9,pre_mem_a0.1,42.0,92.0,0.32456504367632333,
DYR_ECOLI_Nguyen_2023,9,pre_mem_a0.3,48.0,86.0,0.32456504367632333,
RASH_HUMAN_Bandaru_2017,9,random,34.0,92.0,0.811726882384536,
RASH_HUMAN_Bandaru_2017,9,chemotaxis,80.0,100.0,1.4039596392539353,
RASH_HUMAN_Bandaru_2017,9,zero,28.000000000000004,94.0,0.7216085171856846,
RASH_HUMAN_Bandaru_2017,9,zero_mem,52.0,94.0,0.9648818547817388,
RASH_HUMAN_Bandaru_2017,9,pre,82.0,100.0,1.4039596392539353,0.05746894930288557
RASH_HUMAN_Bandaru_2017,9,pre_mem,94.0,98.0,1.4039596392539353,
RASH_HUMAN_Bandaru_2017,9,pre_frozen,82.0,100.0,1.4039596392539353,
RASH_HUMAN_Bandaru_2017,9,shuf_pre,28.000000000000004,86.0,0.6303385136764919,-0.004309665387617187
RASH_HUMAN_Bandaru_2017,9,shuf_pre_mem,16.0,88.0,0.6822607607819936,
RASH_HUMAN_Bandaru_2017,9,pre_a0.1,42.0,92.0,0.8152452630064981,
RASH_HUMAN_Bandaru_2017,9,pre_a0.3,50.0,100.0,0.8957407670754913,
RASH_HUMAN_Bandaru_2017,9,pre_mem_a0.1,60.0,98.0,1.4039596392539353,
RASH_HUMAN_Bandaru_2017,9,pre_mem_a0.3,54.0,100.0,1.021507212224008,
UBC9_HUMAN_Weile_2017,9,random,26.0,96.0,0.8392294884814693,
UBC9_HUMAN_Weile_2017,9,chemotaxis,66.0,100.0,1.200492207397439,
UBC9_HUMAN_Weile_2017,9,zero,18.0,98.0,0.8285917942300131,
UBC9_HUMAN_Weile_2017,9,zero_mem,57.99999999999999,82.0,1.2265954303208162,
UBC9_HUMAN_Weile_2017,9,pre,28.000000000000004,98.0,0.8037113430057764,0.09365204705796357
UBC9_HUMAN_Weile_2017,9,pre_mem,30.0,100.0,0.8037113430057764,
UBC9_HUMAN_Weile_2017,9,pre_frozen,28.000000000000004,100.0,0.8397471790596441,
UBC9_HUMAN_Weile_2017,9,shuf_pre,14.000000000000002,94.0,0.8035713917450583,-0.041296270574769284
UBC9_HUMAN_Weile_2017,9,shuf_pre_mem,24.0,94.0,0.9567059859222702,
UBC9_HUMAN_Weile_2017,9,pre_a0.1,24.0,100.0,0.8037113430057764,
UBC9_HUMAN_Weile_2017,9,pre_a0.3,26.0,100.0,0.8285917942300131,
UBC9_HUMAN_Weile_2017,9,pre_mem_a0.1,12.0,92.0,0.9595059254992104,
UBC9_HUMAN_Weile_2017,9,pre_mem_a0.3,22.0,100.0,0.9251632737986875,
NUD15_HUMAN_Suiter_2020,9,random,64.0,96.0,0.7384800733368787,
NUD15_HUMAN_Suiter_2020,9,chemotaxis,76.0,98.0,0.8815633080559796,
NUD15_HUMAN_Suiter_2020,9,zero,54.0,88.0,0.7384800733368787,
NUD15_HUMAN_Suiter_2020,9,zero_mem,68.0,98.0,0.8815633080559796,
NUD15_HUMAN_Suiter_2020,9,pre,28.000000000000004,94.0,0.6663804649623115,0.17932619372391526
NUD15_HUMAN_Suiter_2020,9,pre_mem,32.0,92.0,0.6755955224603087,
NUD15_HUMAN_Suiter_2020,9,pre_frozen,52.0,96.0,0.8815633080559796,
NUD15_HUMAN_Suiter_2020,9,shuf_pre,6.0,90.0,0.6449907374064046,0.05669568118126381
NUD15_HUMAN_Suiter_2020,9,shuf_pre_mem,14.000000000000002,96.0,0.6573548595220445,
NUD15_HUMAN_Suiter_2020,9,pre_a0.1,60.0,98.0,0.7384800733368787,
NUD15_HUMAN_Suiter_2020,9,pre_a0.3,56.00000000000001,94.0,0.7760346249659741,
NUD15_HUMAN_Suiter_2020,9,pre_mem_a0.1,62.0,98.0,0.8673733345359388,
NUD15_HUMAN_Suiter_2020,9,pre_mem_a0.3,46.0,96.0,0.7122971079480279,
TPK1_HUMAN_Weile_2017,9,random,50.0,98.0,1.1400935518855717,
TPK1_HUMAN_Weile_2017,9,chemotaxis,70.0,100.0,1.3074397015559838,
TPK1_HUMAN_Weile_2017,9,zero,34.0,96.0,1.0783570876393467,
TPK1_HUMAN_Weile_2017,9,zero_mem,20.0,100.0,1.115647102315922,
TPK1_HUMAN_Weile_2017,9,pre,18.0,96.0,0.8942926945275431,0.045431845393971465
TPK1_HUMAN_Weile_2017,9,pre_mem,24.0,94.0,0.9321699388583802,
TPK1_HUMAN_Weile_2017,9,pre_frozen,26.0,94.0,0.9321699388583802,
TPK1_HUMAN_Weile_2017,9,shuf_pre,36.0,84.0,1.0191320486643407,-0.021238051231841165
TPK1_HUMAN_Weile_2017,9,shuf_pre_mem,22.0,90.0,1.083310947132446,
TPK1_HUMAN_Weile_2017,9,pre_a0.1,26.0,100.0,1.0191320486643407,
TPK1_HUMAN_Weile_2017,9,pre_a0.3,36.0,98.0,1.1068627791900505,
TPK1_HUMAN_Weile_2017,9,pre_mem_a0.1,32.0,98.0,1.0075861699445745,
TPK1_HUMAN_Weile_2017,9,pre_mem_a0.3,14.000000000000002,96.0,0.9976788034673871,
MLAC_ECOLI_MacRae_2023,9,random,48.0,88.0,0.5444365572667065,
MLAC_ECOLI_MacRae_2023,9,chemotaxis,66.0,96.0,0.5659994648061994,
MLAC_ECOLI_MacRae_2023,9,zero,32.0,86.0,0.528078613419171,
MLAC_ECOLI_MacRae_2023,9,zero_mem,50.0,84.0,0.5517830093981531,
MLAC_ECOLI_MacRae_2023,9,pre,18.0,90.0,0.5110606859838684,0.12430791316148197
MLAC_ECOLI_MacRae_2023,9,pre_mem,20.0,98.0,0.522038131269829,
MLAC_ECOLI_MacRae_2023,9,pre_frozen,16.0,94.0,0.5004151271962578,
MLAC_ECOLI_MacRae_2023,9,shuf_pre,32.0,78.0,0.5107809783115014,-0.002413390881983741
MLAC_ECOLI_MacRae_2023,9,shuf_pre_mem,20.0,96.0,0.522038131269829,
MLAC_ECOLI_MacRae_2023,9,pre_a0.1,52.0,84.0,0.5572054276542098,
MLAC_ECOLI_MacRae_2023,9,pre_a0.3,36.0,88.0,0.528078613419171,
MLAC_ECOLI_MacRae_2023,9,pre_mem_a0.1,34.0,86.0,0.5291593240924909,
MLAC_ECOLI_MacRae_2023,9,pre_mem_a0.3,26.0,94.0,0.528078613419171,
KKA2_KLEPN_Melnikov_2014,9,random,60.0,92.0,1.3034584070581636,
KKA2_KLEPN_Melnikov_2014,9,chemotaxis,74.0,96.0,1.3316837530031902,
KKA2_KLEPN_Melnikov_2014,9,zero,62.0,88.0,1.349974543977377,
KKA2_KLEPN_Melnikov_2014,9,zero_mem,42.0,84.0,1.1688543627041568,
KKA2_KLEPN_Melnikov_2014,9,pre,52.0,88.0,1.2096371950990994,0.12450314133702943
KKA2_KLEPN_Melnikov_2014,9,pre_mem,52.0,88.0,1.214859814930803,
KKA2_KLEPN_Melnikov_2014,9,pre_frozen,52.0,90.0,1.2096371950990994,
KKA2_KLEPN_Melnikov_2014,9,shuf_pre,8.0,84.0,0.8085522555405162,-0.09704969998213095
KKA2_KLEPN_Melnikov_2014,9,shuf_pre_mem,12.0,90.0,1.0637290222185904,
KKA2_KLEPN_Melnikov_2014,9,pre_a0.1,46.0,90.0,1.1688543627041568,
KKA2_KLEPN_Melnikov_2014,9,pre_a0.3,54.0,90.0,1.214859814930803,
KKA2_KLEPN_Melnikov_2014,9,pre_mem_a0.1,74.0,90.0,1.349974543977377,
KKA2_KLEPN_Melnikov_2014,9,pre_mem_a0.3,42.0,90.0,1.162030125437734,
TPMT_HUMAN_Matreyek_2018,9,random,68.0,94.0,0.922971829109622,
TPMT_HUMAN_Matreyek_2018,9,chemotaxis,92.0,98.0,1.0342216227797318,
TPMT_HUMAN_Matreyek_2018,9,zero,74.0,96.0,0.8900220143495636,
TPMT_HUMAN_Matreyek_2018,9,zero_mem,64.0,92.0,0.8900220143495636,
TPMT_HUMAN_Matreyek_2018,9,pre,44.0,96.0,0.8243097815779812,0.09646265651817343
TPMT_HUMAN_Matreyek_2018,9,pre_mem,46.0,98.0,0.8243097815779812,
TPMT_HUMAN_Matreyek_2018,9,pre_frozen,40.0,96.0,0.822667530700715,
TPMT_HUMAN_Matreyek_2018,9,shuf_pre,32.0,90.0,0.8243097815779812,-0.02532007091712277
TPMT_HUMAN_Matreyek_2018,9,shuf_pre_mem,18.0,88.0,0.7417309354104964,
TPMT_HUMAN_Matreyek_2018,9,pre_a0.1,66.0,98.0,0.8900220143495636,
TPMT_HUMAN_Matreyek_2018,9,pre_a0.3,82.0,96.0,0.9559216438696806,
TPMT_HUMAN_Matreyek_2018,9,pre_mem_a0.1,88.0,96.0,1.3006614440192859,
TPMT_HUMAN_Matreyek_2018,9,pre_mem_a0.3,76.0,98.0,0.8900220143495636,
RNC_ECOLI_Weeks_2023,9,random,12.0,98.0,0.3258713171902842,
RNC_ECOLI_Weeks_2023,9,chemotaxis,52.0,98.0,0.35079978917429067,
RNC_ECOLI_Weeks_2023,9,zero,14.000000000000002,96.0,0.326605952278576,
RNC_ECOLI_Weeks_2023,9,zero_mem,12.0,90.0,0.3200526674614197,
RNC_ECOLI_Weeks_2023,9,pre,6.0,84.0,0.32217937719858025,0.04837491394706917
RNC_ECOLI_Weeks_2023,9,pre_mem,8.0,82.0,0.3258713171902842,
RNC_ECOLI_Weeks_2023,9,pre_frozen,8.0,86.0,0.32512920145842483,
RNC_ECOLI_Weeks_2023,9,shuf_pre,10.0,96.0,0.3258713171902842,0.036636805719428824
RNC_ECOLI_Weeks_2023,9,shuf_pre_mem,10.0,88.0,0.3258713171902842,
RNC_ECOLI_Weeks_2023,9,pre_a0.1,20.0,98.0,0.3274379937561512,
RNC_ECOLI_Weeks_2023,9,pre_a0.3,18.0,96.0,0.3274379937561512,
RNC_ECOLI_Weeks_2023,9,pre_mem_a0.1,12.0,94.0,0.3258713171902842,
RNC_ECOLI_Weeks_2023,9,pre_mem_a0.3,22.0,94.0,0.3258713171902842,
